expedition,accession,HUH,NYBG,KIB,locality,date,latitude,longitude,elevation,county,location,family,genus,species_epithet,crano_site_id,plant_description,locality_habitat,historical
"2018 Eaton, McKenzie, Meek, Zuo",DE1,1,1,1,1,7/7/2018,"27°21'35"" N","99°55'01"" E",2840,Shangri-la,On highway from Shangri-la to Lijiang. Disturbed roadside. ,Orobanchaceae,Pedicularis,rex,,Burnt specimen,,
"2018 Eaton, McKenzie, Meek, Zuo",DE2,1,1,1,1,7/7/2018,"27°21'35"" N","99°55'01"" E",2840,Shangri-la,On highway from Shangri-la to Lijiang. Disturbed roadside. ,Orobanchaceae,Pedicularis,densispica,,Burnt specimen,,
"2018 Eaton, McKenzie, Meek, Zuo",DE3,1,1,1,1,7/7/2018,"27°21'35"" N","99°55'01"" E",2840,Shangri-la,On highway from Shangri-la to Lijiang. Disturbed roadside. ,Orobanchaceae,Pedicularis,oxycarpa,,Burnt specimen,,
"2018 Eaton, McKenzie, Meek, Zuo",DE4,1,1,1,2,7/8/2018,"27°57'33.1"" N","99°42'25.8"" E",3404,Shangri-la,On highway from Shangri-la to Lijiang. Disturbed roadside. ,Orobanchaceae,Pedicularis,longiflora,,Burnt specimen,,
"2018 Eaton, McKenzie, Meek, Zuo",DE5,1,1,1,2,7/8/2018,"27°57'33.1"" N","99°42'25.8"" E",3404,Shangri-la,On highway from Shangri-la to Lijiang. Disturbed roadside. ,Orobanchaceae,Pedicularis,rhinanthoides,,Burnt specimen; collected pollen; same sample is DE5-P1,,
"2018 Eaton, McKenzie, Meek, Zuo",DE6,1,1,1,2,7/8/2018,"27°57'33.1"" N","99°42'25.8"" E",3404,Shangri-la,On highway from Shangri-la to Lijiang. Disturbed roadside. ,Orobanchaceae,Pedicularis,siphonantha,,Burnt specimen,,
"2018 Eaton, McKenzie, Meek, Zuo",DE7,0,0,0,2,7/8/2018,"27°57'33.1"" N","99°42'25.8"" E",3404,Shangri-la,On highway from Shangri-la to Lijiang. Disturbed roadside. ,Orobanchaceae,Pedicularis,densispica,,Burnt specimen; specimen discarded,,
"2018 Eaton, McKenzie, Meek, Zuo",DE8,1,1,1,2,7/8/2018,"27°57'33.1"" N","99°42'25.8"" E",3404,Shangri-la,On highway from Shangri-la to Lijiang. Disturbed roadside. ,Orobanchaceae,Tibetia,sp.,,Burnt specimen; Dark purple (DE8-2) and light purple (DE8-1),,
"2018 Eaton, McKenzie, Meek, Zuo",DE9,1,1,1,2,7/8/2018,"27°57'33.1"" N","99°42'25.8"" E",3404,Shangri-la,On highway from Shangri-la to Lijiang. Disturbed roadside. ,Orobanchaceae,Quercus,sp.,,Burnt specimen; DNA and pollen collected (DE9),,
"2018 Eaton, McKenzie, Meek, Zuo",DE10,1,1,1,3,7/8/2018,"28°16'51.4"" N","99°45'37.1"" E",3281,Shangri-la,On highway from Shangri-la to Xiangcheng,Adoxaceae,Viburnum,sp.,,Burnt specimen,,
"2018 Eaton, McKenzie, Meek, Zuo",DE11,1,1,1,4,7/8/2018,"28°21'17.7"" N","99°46'14.2"" E",3530,Shangri-la,On highway from Shangri-la to Xiangcheng,Fabaceae,Oxytropis?,sp.,,Burnt specimen,,
"2018 Eaton, McKenzie, Meek, Zuo",DE12,1,1,1,5,7/8/2018,"28°34'20.1"" N","99°49'25.1"" E",4124,Shangri-la,On highway from Shangril-la to Xiangcheng.,Orobanchaceae,Pedicularis,rhinanthoides,,Burnt specimen,,
"2018 Eaton, McKenzie, Meek, Zuo",DE13,1,0,0,5,7/8/2018,"28°34'20.1"" N","99°49'25.1"" E",4124,Shangri-la,On highway from Shangril-la to Xiangcheng.,Orobanchaceae,Pedicularis,confertiflora,,Burnt specimen,,
"2018 Eaton, McKenzie, Meek, Zuo",DE14,1,1,1,5,7/8/2018,"28°34'20.1"" N","99°49'25.1"" E",4124,Shangri-la,On highway from Shangril-la to Xiangcheng.,Orobanchaceae,Pedicularis,kansuensis,,Burnt specimen; light purple flowers.,,
"2018 Eaton, McKenzie, Meek, Zuo",DE15,1,1,1,5,7/8/2018,"28°34'20.1"" N","99°49'25.1"" E",4124,Shangri-la,On highway from Shangril-la to Xiangcheng.,Orobanchaceae,Pedicularis,superba,,"Burnt specimen; many old fruiting bodies, very few flowers plants.",,
"2018 Eaton, McKenzie, Meek, Zuo",DE16,1,1,1,5,7/8/2018,"28°34'20.1"" N","99°49'25.1"" E",4124,Shangri-la,On highway from Shangril-la to Xiangcheng.,Papaveraceae,Corydalis,sp.,,"Burnt specimen; white corolla base, violet petal edges.",,
"2018 Eaton, McKenzie, Meek, Zuo",DE17,1,1,1,5,7/8/2018,"28°34'20.1"" N","99°49'25.1"" E",4124,Shangri-la,On highway from Shangril-la to Xiangcheng.,Orobanchaceae,Pedicularis,Pedicularis rex,,Burnt specimen,,
"2018 Eaton, McKenzie, Meek, Zuo",DE18,1,1,0,5,7/8/2018,"28°34'20.1"" N","99°49'25.1"" E",4124,Shangri-la,On highway from Shangril-la to Xiangcheng.,Fabaceae,Tibetia,sp.,,Burnt specimen; Very light yellow flowers,,
"2018 Eaton, McKenzie, Meek, Zuo",DE19,1,0,0,5,7/8/2018,"28°34'20.1"" N","99°49'25.1"" E",4124,Shangri-la,On highway from Shangril-la to Xiangcheng.,Orobanchaceae,Pedicularis,Pedicularis dolichoglossa,,Burnt specimen; Yellow flowers with red maculation.,,
"2018 Eaton, McKenzie, Meek, Zuo",DE20,1,1,1,6,7/8/2018,"28°35'9.1"" N","99°50'14"" E",?,,,Orobanchaceae,Pedicularis,siphonantha,,Very long skinny corolla tubes.,Scree slope above meadow filled with primulas and Rhododendron thicket to side. Historical HUH site Yellow 4. ,X
"2018 Eaton, McKenzie, Meek, Zuo",DE21,1,1,1,6,7/8/2018,"28°35'9.1"" N","99°50'14"" E",,,,Orobanchaceae,Pedicularis,cyathophylla,,,Scree slope above meadow filled with primulas and Rhododendron thicket to side. Historical HUH site Yellow 4. ,X
"2018 Eaton, McKenzie, Meek, Zuo",DE22,1,1,1,6,7/8/2018,"28°35'9.1"" N","99°50'14"" E",,,,Orobanchaceae,Pedicularis,rhinanthoides,,,Scree slope above meadow filled with primulas and Rhododendron thicket to side. Historical HUH site Yellow 4. ,X
"2018 Eaton, McKenzie, Meek, Zuo",DE23,1,0,0,6,7/8/2018,"28°35'9.1"" N","99°50'14"" E",,,,Papaveraceae,Corydalis,sp.,,,Scree slope above meadow filled with primulas and Rhododendron thicket to side. Historical HUH site Yellow 4. ,X
"2018 Eaton, McKenzie, Meek, Zuo",DE24,1,1,1,6,7/8/2018,"28°35'9.1"" N","99°50'14"" E",,,,Orobanchaceae,Pedicularis,rupicola,,,Scree slope above meadow filled with primulas and Rhododendron thicket to side. Historical HUH site Yellow 4. ,X
"2018 Eaton, McKenzie, Meek, Zuo",DE25,1,1,1,7,7/8/2018,"28°35'38"" N","99°50'49"" E",?,,,Orobanchaceae,Pedicularis,dolichoglossa,,Yellow with dark red mottling on galea and lips.,Shrubby slope with boulders. Historical HUH site Yellow 18.,X
"2018 Eaton, McKenzie, Meek, Zuo",DE26,1,1,0,7,7/8/2018,"28°35'38"" N","99°50'49"" E",,,,Fabaceae,Tibetia,sp.,,Light yellow flowers,Shrubby slope with boulders. Historical HUH site Yellow 18.,X
"2018 Eaton, McKenzie, Meek, Zuo",DE27,1,1,1,8,7/8/2018,"28°37'02"" N","99°49'51"" E",?,,,Orobanchaceae,Pedicularis,lachnoglossa,,,,
"2018 Eaton, McKenzie, Meek, Zuo",DE28,1,1,1,8,7/8/2018,"28°37'02"" N","99°49'51"" E",,,,Orobanchaceae,Pedicularis,rudis,,,,
"2018 Eaton, McKenzie, Meek, Zuo",DE29,1,1,1,8,7/8/2018,"28°37'02"" N","99°49'51"" E",,,,Fabaceae,Astragalus,sp.,,,,
"2018 Eaton, McKenzie, Meek, Zuo",DE30,1,1,1,8,7/8/2018,"28°37'02"" N","99°49'51"" E",,,,Orobanchaceae,Pedicularis,kansuensis,,,,
"2018 Eaton, McKenzie, Meek, Zuo",DE31,1,1,0,9,7/8/2018,"28°37'02"" N","99°49'51"" E",?,,,Orobanchaceae,Pedicularis,elwesii,,,,
"2018 Eaton, McKenzie, Meek, Zuo",DE32,1,1,1,9,7/8/2018,"28°37'02"" N","99°49'51"" E",,,,Orobanchaceae,Pedicularis,rhodotricha,,,,
"2018 Eaton, McKenzie, Meek, Zuo",DE33,1,1,0,9,7/8/2018,"28°37'02"" N","99°49'51"" E",,,,Orobanchaceae,Pedicularis,kansuensis,,,,
"2018 Eaton, McKenzie, Meek, Zuo",DE34,1,1,0,9,7/8/2018,"28°37'02"" N","99°49'51"" E",,,,Orobanchaceae,Pedicularis,ingens,,,,
"2018 Eaton, McKenzie, Meek, Zuo",DE35,1,1,0,9,7/8/2018,"28°37'02"" N","99°49'51"" E",,,,Orobanchaceae,Pedicularis,lachnoglossa,,,,
"2018 Eaton, McKenzie, Meek, Zuo",DE36,1,1,1,9,7/8/2018,"28°37'02"" N","99°49'51"" E",,,,Asteraceae,Saussurea,sp.,,,,
"2018 Eaton, McKenzie, Meek, Zuo",DE37,1,1,1,10,7/8/2018,"28°43'48.4"" N","99°50'45"" E",,,,Orobanchaceae,Pedicularis,axillaris,,,,
"2018 Eaton, McKenzie, Meek, Zuo",DE38,1,1,1,11,7/9/2018,"29°8'28"" N","99°55'42"" E",,,,Orobanchaceae,Pedicularis,rex,,,,X
"2018 Eaton, McKenzie, Meek, Zuo",DE39,1,1,1,11,7/9/2018,"29°8'28"" N","99°55'42"" E",,,,Orobanchaceae,Pedicularis,axillaris,,"deep purple galea, light purple lower lips. Crawling habit. Growing on mossy slope.",,X
"2018 Eaton, McKenzie, Meek, Zuo",DE40,1,1,1,11,7/9/2018,"29°8'28"" N","99°55'42"" E",,,,Orobanchaceae,Pedicularis,lachnoglossa,,,,X
"2018 Eaton, McKenzie, Meek, Zuo",DE41,1,1,1,11,7/9/2018,"29°8'28"" N","99°55'42"" E",,,,Lamiaceae,?,sp.,,"Droopy purple flowers, bristly hairs on leaves and calyx.",,X
"2018 Eaton, McKenzie, Meek, Zuo",DE42,1,1,1,11,7/9/2018,"29°8'28"" N","99°55'42"" E",,,,Lamiaceae,?,sp.,,"Droopy white flowers, bristly hairs on leaves and calyx.",,X
"2018 Eaton, McKenzie, Meek, Zuo",DE43,1,1,1,11,7/9/2018,"29°8'28"" N","99°55'42"" E",,,,Fabaceae,Tibetia,himalaica,,,,X
"2018 Eaton, McKenzie, Meek, Zuo",DE44,1,1,1,12,7/9/2018,"29°7'26"" N","99°59'48"" E",3950,,,Orobanchaceae,Pedicularis,rhinanthoides,,,,X
"2018 Eaton, McKenzie, Meek, Zuo",DE45,1,1,1,12,7/9/2018,"29°7'26"" N","99°59'48"" E",3950,,,Orobanchaceae,Pedicularis,siphonantha,,,,X
"2018 Eaton, McKenzie, Meek, Zuo",DE46,1,1,1,13,7/9/2018,"29°6'30.6"" N","100°02'3.7"" E",4205,,,Orobanchaceae,Pedicularis,integrifolia,,,,X
"2018 Eaton, McKenzie, Meek, Zuo",DE47,1,1,1,13,7/9/2018,"29°6'30.6"" N","100°02'3.7"" E",4205,,,Orobanchaceae,Pedicularis,lachnoglossa,,,,X
"2018 Eaton, McKenzie, Meek, Zuo",DE48,1,1,1,14,7/9/2018,"29°8'41"" N","100°02'5.2"" E",4658,,,Orobanchaceae,Pedicularis,przewalskii,,"pink corolla tube, white throat, purple galea.",,
"2018 Eaton, McKenzie, Meek, Zuo",DE49,1,1,1,14,7/9/2018,"29°8'41"" N","100°02'5.2"" E",4658,,,Orobanchaceae,Pedicularis,siphonantha,,,,X
"2018 Eaton, McKenzie, Meek, Zuo",DE50,1,1,1,14,7/9/2018,"29°8'41"" N","100°02'5.2"" E",4658,,,Orobanchaceae,Pedicularis,rhinanthoides,,,,
"2018 Eaton, McKenzie, Meek, Zuo",DE51,1,1,1,14,7/9/2018,"29°8'41"" N","100°02'5.2"" E",4658,,,Orobanchaceae,Pedicularis,cephalantha,,purple flowers with white throat.,,
"2018 Eaton, McKenzie, Meek, Zuo",DE52,1,1,1,14,7/9/2018,"29°8'41"" N","100°02'5.2"" E",4658,,,Orobanchaceae,Pedicularis,kansuensis,,"light purple flowers, drak purple venation, dark spot on galea (dark colored anthers)",,
"2018 Eaton, McKenzie, Meek, Zuo",DE53,1,1,1,14,7/9/2018,"29°8'41"" N","100°02'5.2"" E",4658,,,Orobanchaceae,Pedicularis,rhynchodonta,,"light purple corolla, dark purple galea and dark purple venation.",,
"2018 Eaton, McKenzie, Meek, Zuo",DE54,1,1,1,14,7/9/2018,"29°8'41"" N","100°02'5.2"" E",4658,,,Orobanchaceae,Pedicularis,longiflora,,,,
"2018 Eaton, McKenzie, Meek, Zuo",DE55,1,1,1,14,7/9/2018,"29°8'41"" N","100°02'5.2"" E",4658,,,Fabaceae,,,,Purple flowers darker at base of petals. Some white mottling.,,
"2018 Eaton, McKenzie, Meek, Zuo",DE56,1,1,1,14,7/9/2018,"29°8'41"" N","100°02'5.2"" E",4658,,,Fabaceae,,,,"light yellow flowers. Tip of keel black, lips separate, tips of the sepals purple.",,
"2018 Eaton, McKenzie, Meek, Zuo",DE57,1,1,1,15,7/9/2018,"29°8'05.6"" N","100°02'36.2"" E",4760,,,Orobanchaceae,Pedicularis,sp.,,"Translucent yellow corolla, black anthers visible through galea, dark venation on calyx. ",,
"2018 Eaton, McKenzie, Meek, Zuo",DE58,1,1,1,15,7/9/2018,"29°8'05.6"" N","100°02'36.2"" E",4760,,,Asteraceae,Saussurea,sp.,,"Calyx dark purple outer, light purple with white mottling on inside. White style, dark purple stigma, dark purple disk flowers. ",,
"2018 Eaton, McKenzie, Meek, Zuo",DE59,1,2,1,16,7/9/2018,"29°20'05.5"" N","100°05'57.9"" E",,,,Orobanchaceae,Pedicularis,sp.,,Corolla purple with lighter purple throat. ,,
"2018 Eaton, McKenzie, Meek, Zuo",DE60,1,1,0,16,7/9/2018,"29°20'05.5"" N","100°05'57.9"" E",,,,Orobanchaceae,Pedicularis,confertiflora,,Corolla purple with whitish throat. ID'd.,,
"2018 Eaton, McKenzie, Meek, Zuo",DE61,1,1,1,16,7/9/2018,"29°20'05.5"" N","100°05'57.9"" E",,,,Orobanchaceae,Pedicularis,longiflora,,,,
"2018 Eaton, McKenzie, Meek, Zuo",DE62,1,1,1,16,7/9/2018,"29°20'05.5"" N","100°05'57.9"" E",,,,Orobanchaceae,Pedicularis,sp.,,"Light purple lower lips, dark purple galea, some dark purple venation on lower lips and throat. White hairs on calyx. ",,
"2018 Eaton, McKenzie, Meek, Zuo",DE63,1,1,1,16,7/9/2018,"29°20'05.5"" N","100°05'57.9"" E",,,,Orobanchaceae,Pedicularis,przewalskii,,"Corolla tube white to pink, lower lips bright pink, throat white, galea dark pink.",,
"2018 Eaton, McKenzie, Meek, Zuo",DE64,1,1,1,16,7/9/2018,"29°20'05.5"" N","100°05'57.9"" E",,,,Orobanchaceae,Pedicularis,integrifolia,,Light purple flowers with white throat and dark purple spot on throat. ,,
"2018 Eaton, McKenzie, Meek, Zuo",DE65,1,1,1,16,7/9/2018,"29°20'05.5"" N","100°05'57.9"" E",,,,Orobanchaceae,Pedicularis,lachnoglossa,,,,
"2018 Eaton, McKenzie, Meek, Zuo",DE66,1,1,0,16,7/9/2018,"29°20'05.5"" N","100°05'57.9"" E",,,,Orobanchaceae,Pedicularis,rhodotricha,,,,
"2018 Eaton, McKenzie, Meek, Zuo",DE67,1,1,1,17,7/9/2018,"29°23'9"" N","100°08'58"" E",,,,Orobanchaceae,Pedicularis,lachnoglossa,,,,X
"2018 Eaton, McKenzie, Meek, Zuo",DE68,1,1,1,17,7/9/2018,"29°23'9"" N","100°08'58"" E",,,,Orobanchaceae,Pedicularis,integrifolia,,,,X
"2018 Eaton, McKenzie, Meek, Zuo",DE69,1,1,1,17,7/9/2018,"29°23'9"" N","100°08'58"" E",,,,Orobanchaceae,Pedicularis,przewalskii,,,,X
"2018 Eaton, McKenzie, Meek, Zuo",DE70,1,1,1,18,7/10/2018,"30°00'39.5"" N","100°18'58.2"" E",,,,Orobanchaceae,Pedicularis,lachnoglossa,,,,
"2018 Eaton, McKenzie, Meek, Zuo",DE71,1,1,1,18,7/10/2018,"30°00'39.5"" N","100°18'58.2"" E",,,,Orobanchaceae,Pedicularis,rhinanthoides,,,,
"2018 Eaton, McKenzie, Meek, Zuo",DE72,1,1,0,18,7/10/2018,"30°00'39.5"" N","100°18'58.2"" E",,,,Orobanchaceae,Pedicularis,integrifolia,,,,
"2018 Eaton, McKenzie, Meek, Zuo",DE73,1,1,0,18,7/10/2018,"30°00'39.5"" N","100°18'58.2"" E",,,,Orobanchaceae,Pedicularis,inaequilobata,,"Lower lips pink, galea yellow with red mottling.",,
"2018 Eaton, McKenzie, Meek, Zuo",DE74,1,1,0,18,7/10/2018,"30°00'39.5"" N","100°18'58.2"" E",,,,Orobanchaceae,Pedicularis,roylei,,Flowers purple with darker purple venation and dark purple spots on the galea. ID'd.,,
"2018 Eaton, McKenzie, Meek, Zuo",DE75,1,1,1,18,7/10/2018,"30°00'39.5"" N","100°18'58.2"" E",,,,Orobanchaceae,Pedicularis,siphonantha,,,,
"2018 Eaton, McKenzie, Meek, Zuo",DE76,1,1,1,18,7/10/2018,"30°00'39.5"" N","100°18'58.2"" E",,,,Orobanchaceae,Pedicularis,anas,,Flowers deep purple with white throat.,,
"2018 Eaton, McKenzie, Meek, Zuo",DE77,1,1,1,18,7/10/2018,"30°00'39.5"" N","100°18'58.2"" E",,,,Fabaceae,?,sp.,,Deep magenta flowers.,,
"2018 Eaton, McKenzie, Meek, Zuo",DE78,1,1,1,18,7/10/2018,"30°00'39.5"" N","100°18'58.2"" E",,,,Fabaceae,?,sp.,,Deep purple flowers. ,,
"2018 Eaton, McKenzie, Meek, Zuo",DE85,1,1,1,19,7/10/2018,"30°02'02.5"" N","100°22'29.9"" E",4020,,,Orobanchaceae,Pedicularis,cranolopha var. longicornuta,,Collected flowers and pollen in alcohol.,,
"2018 Eaton, McKenzie, Meek, Zuo",DE79,1,1,1,20,7/10/2018,"30°09'31.5"" N","100°33'57.9"" E",4177,,,Orobanchaceae,Pedicularis,densispica,,"Yellow galea, pink lower lips of corolla. ",,
"2018 Eaton, McKenzie, Meek, Zuo",DE80,1,1,1,20,7/10/2018,"30°09'31.5"" N","100°33'57.9"" E",4177,,,Orobanchaceae,Pedicularis,cranolopha,,,,
"2018 Eaton, McKenzie, Meek, Zuo",DE81,1,1,1,20,7/10/2018,"30°09'31.5"" N","100°33'57.9"" E",4177,,,Orobanchaceae,Pedicularis,anas,,Deep purple flowers with darker venation.,,
"2018 Eaton, McKenzie, Meek, Zuo",DE82,1,1,1,20,7/10/2018,"30°09'31.5"" N","100°33'57.9"" E",4177,,,Orobanchaceae,Pedicularis,lachnoglossa,,,,
"2018 Eaton, McKenzie, Meek, Zuo",DE83,1,1,1,20,7/10/2018,"30°09'31.5"" N","100°33'57.9"" E",4177,,,Orobanchaceae,Pedicularis,dolichocymba,,,,
"2018 Eaton, McKenzie, Meek, Zuo",DE84,1,1,1,20,7/10/2018,"30°09'31.5"" N","100°33'57.9"" E",4177,,,Orobanchaceae,Pedicularis,integrifolia,,,,
"2018 Eaton, McKenzie, Meek, Zuo",DE86,1,1,1,21,7/10/2018,"30°10'08.1"" N","100°35'03.6"" E",4355,,,Orobanchaceae,Pedicularis,rhynchodonta,,,,
"2018 Eaton, McKenzie, Meek, Zuo",DE87,1,1,1,21,7/10/2018,"30°10'08.1"" N","100°35'03.6"" E",4355,,,Orobanchaceae,Pedicularis,siphonantha,,,,
"2018 Eaton, McKenzie, Meek, Zuo",DE88,1,1,1,21,7/10/2018,"30°10'08.1"" N","100°35'03.6"" E",4355,,,Orobanchaceae,Pedicularis,latituba,,,,
"2018 Eaton, McKenzie, Meek, Zuo",DE89,1,1,1,21,7/10/2018,"30°10'08.1"" N","100°35'03.6"" E",4355,,,Orobanchaceae,Pedicularis,inaequilobata,,,,
"2018 Eaton, McKenzie, Meek, Zuo",DE90,1,1,0,21,7/10/2018,"30°10'08.1"" N","100°35'03.6"" E",4355,,,Orobanchaceae,Pedicularis,rupicola subsp. zambalensis,,"Whitish yellow flowers, dark anthers. ",,
"2018 Eaton, McKenzie, Meek, Zuo",DE91,1,1,1,22,7/10/2018,"29°59'09"" N","100°54'34.9"" E",?,,,Orobanchaceae,Pedicularis,cranolopha var. longicornuta,,,,
"2018 Eaton, McKenzie, Meek, Zuo",DE92,1,1,1,23,7/10/2018,"30°01'41.3"" N","100°48'5.0"" E",4300,,,Orobanchaceae,Pedicularis,tatsienensis,,Flowers purple with darker galea and white throat.,,
"2018 Eaton, McKenzie, Meek, Zuo",DE93,1,1,1,23,7/10/2018,"30°01'41.3"" N","100°48'5.0"" E",4300,,,Orobanchaceae,Pedicularis,anas,,"Flowers purple with darker galea, lighter throat, and some dark venation.",,
"2018 Eaton, McKenzie, Meek, Zuo",DE94,1,1,0,23,7/10/2018,"30°01'41.3"" N","100°48'5.0"" E",4300,,,Orobanchaceae,Pedicularis,urceolata,,"Flowers purple with darker color on crest of galea, lighter throat to white, white hairs on corolla tube. ",,
"2018 Eaton, McKenzie, Meek, Zuo",DE95,1,1,0,23,7/10/2018,"30°01'41.3"" N","100°48'5.0"" E",4300,,,Orobanchaceae,Pedicularis,inaequilobata,,"Flowers with pink lower lips of corolla adaxial, lighter to white on abaxial. Galea yellow with red mottling. ",,
"2018 Eaton, McKenzie, Meek, Zuo",DE96,1,1,1,23,7/10/2018,"30°01'41.3"" N","100°48'5.0"" E",4300,,,Orobanchaceae,Pedicularis,tongolensis,,Flowers yellow. ,,
"2018 Eaton, McKenzie, Meek, Zuo",DE97,1,1,1,24,7/11/2018,"30°02'33.7"" N","101°16'26.4"" E",3470,,,Ranunculaceae,Aquilegia,rockii,,"Flowers purple, no nectar spurs. ",,
"2018 Eaton, McKenzie, Meek, Zuo",DE98,1,1,1,24,7/11/2018,"30°02'33.7"" N","101°16'26.4"" E",3470,,,Orobanchaceae,Pedicularis,cranolopha,,,,
"2018 Eaton, McKenzie, Meek, Zuo",DE99,1,1,1,24,7/11/2018,"30°02'33.7"" N","101°16'26.4"" E",3470,,,Orobanchaceae,Pedicularis,verticillata,,"Flowers with pink and white varieties present, unsure which DNA was collected from.",,
"2018 Eaton, McKenzie, Meek, Zuo",DE100,1,1,1,24,7/11/2018,"30°02'33.7"" N","101°16'26.4"" E",3470,,,Ranunculaceae,Aconitum,sp.,,Flowers purple.,,
"2018 Eaton, McKenzie, Meek, Zuo",DE101,1,1,1,24,7/11/2018,"30°02'33.7"" N","101°16'26.4"" E",3470,,,Fabaceae,Tibetia,sp.,,Flowers purple/magenta.,,
"2018 Eaton, McKenzie, Meek, Zuo",DE102,1,1,1,24,7/11/2018,"30°02'33.7"" N","101°16'26.4"" E",3470,,,Fabaceae,Tibetia,sp.,,Flowers deep purple.,,
"2018 Eaton, McKenzie, Meek, Zuo",DE103,1,1,1,25,7/11/2018,"30°03'50.3"" N","101°18'59.9"" E",4100,,,Orobanchaceae,Pedicularis,brevilabris,,Flowers white to pinkish with darkening to purple at tip of the galea. ,,
"2018 Eaton, McKenzie, Meek, Zuo",DE104,1,1,1,25,7/11/2018,"30°03'50.3"" N","101°18'59.9"" E",4100,,,Orobanchaceae,Pedicularis,polyodonta,,Flowers pale yellow. ID'd.,,
"2018 Eaton, McKenzie, Meek, Zuo",DE105,1,0,0,25,7/11/2018,"30°03'50.3"" N","101°18'59.9"" E",4100,,,Orobanchaceae,Pedicularis,verticillata,,Flowers light purple with dark purple venation.,,
"2018 Eaton, McKenzie, Meek, Zuo",DE106,1,1,1,25,7/11/2018,"30°03'50.3"" N","101°18'59.9"" E",4100,,,Orobanchaceae,Pedicularis,ingens,,,,
"2018 Eaton, McKenzie, Meek, Zuo",DE107,1,1,1,25,7/11/2018,"30°03'50.3"" N","101°18'59.9"" E",4100,,,Orobanchaceae,Pedicularis,cyathophylla,,,,
"2018 Eaton, McKenzie, Meek, Zuo",DE108,1,1,1,25,7/11/2018,"30°03'50.3"" N","101°18'59.9"" E",4100,,,Orobanchaceae,Pedicularis,cranolopha,,,,
"2018 Eaton, McKenzie, Meek, Zuo",DE109,1,1,0,26,7/11/2018,"30°03'29"" N","101°20'30"" E",4331,,,Orobanchaceae,Pedicularis,mussotii,,,,
"2018 Eaton, McKenzie, Meek, Zuo",DE110,1,1,1,26,7/11/2018,"30°03'29"" N","101°20'30"" E",4331,,,Orobanchaceae,Pedicularis,anas,,"Flowers with purple corolla, lighter throat, dark purple venation on lower lips. ",,
"2018 Eaton, McKenzie, Meek, Zuo",DE111,1,0,0,27,7/11/2018,"30°02'59.9"" N","101°22'27.3"" E",4250,,,Orobanchaceae,Pedicularis,verticillata,,Flowers white to light pink.,,
"2018 Eaton, McKenzie, Meek, Zuo",DE112,1,1,1,27,7/11/2018,"30°02'59.9"" N","101°22'27.3"" E",4250,,,Orobanchaceae,Pedicularis,rhinanthoides,,,,
"2018 Eaton, McKenzie, Meek, Zuo",DE113,1,1,1,28,7/11/2018,"30°03'00.3"" N","101°22'52.2"" E",4270,,,Orobanchaceae,Pedicularis,mussotii,,,,
"2018 Eaton, McKenzie, Meek, Zuo",DE114,1,1,1,28,7/11/2018,"30°03'00.3"" N","101°22'52.2"" E",4270,,,Orobanchaceae,Pedicularis,rhinanthoides,,,,
"2018 Eaton, McKenzie, Meek, Zuo",DE115,1,1,1,28,7/11/2018,"30°03'00.3"" N","101°22'52.2"" E",4270,,,Orobanchaceae,Pedicularis,cephalantha,,,,
"2018 Eaton, McKenzie, Meek, Zuo",DE116,1,1,1,28,7/11/2018,"30°03'00.3"" N","101°22'52.2"" E",4270,,,Orobanchaceae,Pedicularis,souliei,,,,
"2018 Eaton, McKenzie, Meek, Zuo",DE117,1,1,1,28,7/11/2018,"30°03'00.3"" N","101°22'52.2"" E",4270,,,Orobanchaceae,Pedicularis,sp.,,Flowers white with purple/black galea.,,
"2018 Eaton, McKenzie, Meek, Zuo",DE118,1,1,1,28,7/11/2018,"30°03'00.3"" N","101°22'52.2"" E",4270,,,Orobanchaceae,Pedicularis,verticillata subsp. verticillata,,"Flowers white, lower lips with dark purple venation and dark purple galea. Lines of white hairs on stem. ",,
"2018 Eaton, McKenzie, Meek, Zuo",DE119,1,0,0,28,7/11/2018,"30°03'00.3"" N","101°22'52.2"" E",4270,,,Orobanchaceae,Pedicularis,szetschuanica,,Flowers purple with dark purple galea. ,,
"2018 Eaton, McKenzie, Meek, Zuo",DE120,1,1,1,28,7/11/2018,"30°03'00.3"" N","101°22'52.2"" E",4270,,,Orobanchaceae,Pedicularis,fetisowii,,,,
"2018 Eaton, McKenzie, Meek, Zuo",DE121,1,1,1,29,7/11/2018,"30°03'01.3"" N","101°23'46.2"" E",4047,,,Orobanchaceae,Pedicularis,cranolopha,,,,
"2018 Eaton, McKenzie, Meek, Zuo",DE122,1,1,1,30,7/11/2018,"30°16'42.8"" N","101°31'24.8"" E",3635,,,Orobanchaceae,Pedicularis,brevilabris,,Flowers white to fading purple/black at tip of galea. ,,
"2018 Eaton, McKenzie, Meek, Zuo",DE123,1,1,1,30,7/11/2018,"30°16'42.8"" N","101°31'24.8"" E",3635,,,Orobanchaceae,Pedicularis,lachnoglossa,,,,
"2018 Eaton, McKenzie, Meek, Zuo",DE124,1,1,0,30,7/11/2018,"30°16'42.8"" N","101°31'24.8"" E",3635,,,Orobanchaceae,Pedicularis,verticillata,,"Flowers white, dark anthers visible as spots through translucent galea. ",,
"2018 Eaton, McKenzie, Meek, Zuo",DE125,1,1,1,31,7/11/2018,"30°25'09"" N","101°32'53"" E",3605,,,Orobanchaceae,Pedicularis,rhinanthoides,,,,
"2018 Eaton, McKenzie, Meek, Zuo",DE126,1,1,1,31,7/11/2018,"30°25'09"" N","101°32'53"" E",3605,,,Orobanchaceae,Pedicularis,lutescens,,,,
"2018 Eaton, McKenzie, Meek, Zuo",DE127,1,1,1,31,7/11/2018,"30°25'09"" N","101°32'53"" E",3605,,,Orobanchaceae,Pedicularis,brevilabris,,Flowers white fading to black at tip of galea. ,,
"2018 Eaton, McKenzie, Meek, Zuo",DE128,1,1,1,31,7/11/2018,"30°25'09"" N","101°32'53"" E",3605,,,Orobanchaceae,Pedicularis,verticillata,,Flowers dark purple.,,
"2018 Eaton, McKenzie, Meek, Zuo",DE129,1,1,1,31,7/11/2018,"30°25'09"" N","101°32'53"" E",3605,,,Orobanchaceae,Pedicularis,densispica,,,,
"2018 Eaton, McKenzie, Meek, Zuo",DE130,1,1,1,31,7/11/2018,"30°25'09"" N","101°32'53"" E",3605,,,Orobanchaceae,Pedicularis,integrifolia,,,,
"2018 Eaton, McKenzie, Meek, Zuo",DE131,1,1,1,31,7/11/2018,"30°25'09"" N","101°32'53"" E",3605,,,Orobanchaceae,Pedicularis,cranolopha,,,,
"2018 Eaton, McKenzie, Meek, Zuo",DE132,1,1,1,31,7/11/2018,"30°25'09"" N","101°32'53"" E",3605,,,Orobanchaceae,Pedicularis,longiflora,,,,
"2018 Eaton, McKenzie, Meek, Zuo",DE133,1,1,1,31,7/11/2018,"30°25'09"" N","101°32'53"" E",3605,,,Orobanchaceae,Euphrasia,sp.,,,,
"2018 Eaton, McKenzie, Meek, Zuo",DE134,1,1,1,31,7/11/2018,"30°25'09"" N","101°32'53"" E",3605,,,Orobanchaceae,Phtheirospermum,tenuisecta,,,,
"2018 Eaton, McKenzie, Meek, Zuo",DE135,1,1,1,32,7/11/2018,"30°28'07.5"" N","101°30'35.2"" E",3501,,,Orobanchaceae,Pedicularis,kansuensis,,Flowers white.,,
"2018 Eaton, McKenzie, Meek, Zuo",DE136,1,0,0,33,7/12/2018,"30°34'37.3""N","101°25'04.7"" E",3450,,,Orobanchaceae,Pedicularis,kansuensis,,,,
"2018 Eaton, McKenzie, Meek, Zuo",DE137,1,1,1,33,7/12/2018,"30°34'37.3""N","101°25'04.7"" E",3450,,,Orobanchaceae,Pedicularis,cranolopha,,,,
"2018 Eaton, McKenzie, Meek, Zuo",DE138,1,1,1,33,7/12/2018,"30°34'37.3""N","101°25'04.7"" E",3450,,,Orobanchaceae,Pedicularis,lachnoglossa,,,,
"2018 Eaton, McKenzie, Meek, Zuo",DE139,1,1,1,33,7/12/2018,"30°34'37.3""N","101°25'04.7"" E",3450,,,Orobanchaceae,Pedicularis,batangensis,,Flowers white with purple galea crest. ,,
"2018 Eaton, McKenzie, Meek, Zuo",DE140,1,1,1,33,7/12/2018,"30°34'37.3""N","101°25'04.7"" E",3450,,,Orobanchaceae,Pedicularis,rhinanthoides,,,,
"2018 Eaton, McKenzie, Meek, Zuo",DE141,1,1,1,33,7/12/2018,"30°34'37.3""N","101°25'04.7"" E",3450,,,Orobanchaceae,Pedicularis,longiflora,,,,
"2018 Eaton, McKenzie, Meek, Zuo",DE142,1,1,1,33,7/12/2018,"30°34'37.3""N","101°25'04.7"" E",3450,,,Orobanchaceae,Pedicularis,verticillata,,Flowers white.,,
"2018 Eaton, McKenzie, Meek, Zuo",DE143,1,1,1,33,7/12/2018,"30°34'37.3""N","101°25'04.7"" E",3450,,,Orobanchaceae,Pedicularis,integrifolia,,,,
"2018 Eaton, McKenzie, Meek, Zuo",DE144,1,1,1,33,7/12/2018,"30°34'37.3""N","101°25'04.7"" E",3450,,,Orobanchaceae,Pedicularis,lutescens,,,,
"2018 Eaton, McKenzie, Meek, Zuo",DE145,1,1,1,33,7/12/2018,"30°34'37.3""N","101°25'04.7"" E",3450,,,Orobanchaceae,Pedicularis,densispica,,,,
"2018 Eaton, McKenzie, Meek, Zuo",DE146,1,1,1,34,7/12/2018,"30°38'35.2""N","101°24'14.9"" E",3587,,,Fabaceae,?,sp.,,Flowers with purple exterior and yellow interior.,,
"2018 Eaton, McKenzie, Meek, Zuo",DE147,1,1,1,34,7/12/2018,"30°38'35.2""N","101°24'14.9"" E",3587,,,Orobanchaceae,Pedicularis,lachnoglossa,,,,
"2018 Eaton, McKenzie, Meek, Zuo",DE148,1,1,1,34,7/12/2018,"30°38'35.2""N","101°24'14.9"" E",3587,,,Orobanchaceae,Pedicularis,verticillata,,Flowers white.,,
"2018 Eaton, McKenzie, Meek, Zuo",DE149,1,0,0,34,7/12/2018,"30°38'35.2""N","101°24'14.9"" E",3587,,,Orobanchaceae,Pedicularis,lutescens,,,,
"2018 Eaton, McKenzie, Meek, Zuo",DE150,1,1,1,34,7/12/2018,"30°38'35.2""N","101°24'14.9"" E",3587,,,Orobanchaceae,Pedicularis,brevilabris,,Flowers white fading to dark purple at tip of galea.,,
"2018 Eaton, McKenzie, Meek, Zuo",DE151,1,1,1,34,7/12/2018,"30°38'35.2""N","101°24'14.9"" E",3587,,,Orobanchaceae,Pedicularis,cranolopha,,,,
"2018 Eaton, McKenzie, Meek, Zuo",DE152,1,1,1,34,7/12/2018,"30°38'35.2""N","101°24'14.9"" E",3587,,,Orobanchaceae,Pedicularis,integrifolia,,,,
"2018 Eaton, McKenzie, Meek, Zuo",DE153,1,1,1,34,7/12/2018,"30°38'35.2""N","101°24'14.9"" E",3587,,,Orobanchaceae,Pedicularis,rhinanthoides,,,,
"2018 Eaton, McKenzie, Meek, Zuo",DE154,1,1,1,34,7/12/2018,"30°38'35.2""N","101°24'14.9"" E",3587,,,Orobanchaceae,Pedicularis,longiflora,,Flowers yellow with two red spots on lower lip. Corolla tube yellow fading to red at the base. ,,
"2018 Eaton, McKenzie, Meek, Zuo",DE155,1,1,1,35,7/12/2018,"30°42'42.6"" N","101°21'51.6"" E",3761,,,Orobanchaceae,Pedicularis,integrifolia,,,,
"2018 Eaton, McKenzie, Meek, Zuo",DE156,1,0,0,35,7/12/2018,"30°42'42.6"" N","101°21'51.6"" E",3761,,,Orobanchaceae,Pedicularis,longiflora,,,,
"2018 Eaton, McKenzie, Meek, Zuo",DE157,1,1,1,35,7/12/2018,"30°42'42.6"" N","101°21'51.6"" E",3761,,,Orobanchaceae,Pedicularis,szetschuanica,,,,
"2018 Eaton, McKenzie, Meek, Zuo",DE158,1,1,1,35,7/12/2018,"30°42'42.6"" N","101°21'51.6"" E",3761,,,Orobanchaceae,Pedicularis,brevilabris,,,,
"2018 Eaton, McKenzie, Meek, Zuo",DE159,1,1,1,35,7/12/2018,"30°42'42.6"" N","101°21'51.6"" E",3761,,,Orobanchaceae,Pedicularis,rhinanthoides,,,,
"2018 Eaton, McKenzie, Meek, Zuo",DE160,1,1,1,35,7/12/2018,"30°42'42.6"" N","101°21'51.6"" E",3761,,,Orobanchaceae,Pedicularis,siphonantha,,,,
"2018 Eaton, McKenzie, Meek, Zuo",DE161,1,1,1,35,7/12/2018,"30°42'42.6"" N","101°21'51.6"" E",3761,,,Orobanchaceae,Pedicularis,lachnoglossa,,,,
"2018 Eaton, McKenzie, Meek, Zuo",DE162,1,1,1,35,7/12/2018,"30°42'42.6"" N","101°21'51.6"" E",3761,,,Orobanchaceae,Pedicularis,kansuensis,,Flowers pale yellow. ,,
"2018 Eaton, McKenzie, Meek, Zuo",DE163,1,1,1,35,7/12/2018,"30°42'42.6"" N","101°21'51.6"" E",3761,,,Orobanchaceae,Pedicularis,kansuensis,,Flowers light purple.,,
"2018 Eaton, McKenzie, Meek, Zuo",DE164,1,1,1,35,7/12/2018,"30°42'42.6"" N","101°21'51.6"" E",3761,,,Orobanchaceae,Pedicularis,decorissima,,,,
"2018 Eaton, McKenzie, Meek, Zuo",DE165,1,1,1,35,7/12/2018,"30°42'42.6"" N","101°21'51.6"" E",3761,,,Orobanchaceae,Pedicularis,longiflora,,,,
"2018 Eaton, McKenzie, Meek, Zuo",DE166,1,1,1,35,7/12/2018,"30°42'42.6"" N","101°21'51.6"" E",3761,,,Orobanchaceae,Pedicularis,macrosiphon,,,,
"2018 Eaton, McKenzie, Meek, Zuo",DE167,1,1,1,36,7/12/2018,"30°44'26.3"" N","101°20'03.7"" E",3845,,,Orobanchaceae,Pedicularis,cranolopha,,,,
"2018 Eaton, McKenzie, Meek, Zuo",DE168,1,1,1,36,7/12/2018,"30°44'26.3"" N","101°20'03.7"" E",3845,,,Orobanchaceae,Pedicularis,anas,,Flowers white with purple galea. ,,
"2018 Eaton, McKenzie, Meek, Zuo",DE169,1,1,1,37,7/12/2018,"30°47'15.7"" N","101°18'27.8"" E",3869,,,Orobanchaceae,Pedicularis,macrosiphon,,,,
"2018 Eaton, McKenzie, Meek, Zuo",DE170,1,1,1,37,7/12/2018,"30°47'15.7"" N","101°18'27.8"" E",3869,,,Orobanchaceae,Pedicularis,decora,,,,
"2018 Eaton, McKenzie, Meek, Zuo",DE171,1,1,1,37,7/12/2018,"30°47'15.7"" N","101°18'27.8"" E",3869,,,Orobanchaceae,Pedicularis,lutescens,,,,
"2018 Eaton, McKenzie, Meek, Zuo",DE172,1,1,1,37,7/12/2018,"30°47'15.7"" N","101°18'27.8"" E",3869,,,Orobanchaceae,Pedicularis,cyathophylla,,,,
"2018 Eaton, McKenzie, Meek, Zuo",DE173,1,1,1,38,7/12/2018,"30°49'36.4"" N","101°16'56.2"" E",3550,,,Orobanchaceae,Pedicularis,cranolopha,,,,
"2018 Eaton, McKenzie, Meek, Zuo",DE174,1,1,1,38,7/12/2018,"30°49'36.4"" N","101°16'56.2"" E",3550,,,Orobanchaceae,Pedicularis,szetschuanica,,,,
"2018 Eaton, McKenzie, Meek, Zuo",DE175,1,1,1,38,7/12/2018,"30°49'36.4"" N","101°16'56.2"" E",3550,,,Orobanchaceae,Pedicularis,longiflora,,,,
"2018 Eaton, McKenzie, Meek, Zuo",DE176,1,1,1,38,7/12/2018,"30°49'36.4"" N","101°16'56.2"" E",3550,,,Orobanchaceae,Pedicularis,siphonantha,,,,
"2018 Eaton, McKenzie, Meek, Zuo",DE184,1,1,1,38,7/12/2018,"30°49'36.4"" N","101°16'56.2"" E",3550,,,Orobanchaceae,Pedicularis,kansuensis,,Flowers light purple.,,
"2018 Eaton, McKenzie, Meek, Zuo",DE185,1,1,1,38,7/12/2018,"30°49'36.4"" N","101°16'56.2"" E",3550,,,Orobanchaceae,Pedicularis,brevilabris,,,,
"2018 Eaton, McKenzie, Meek, Zuo",DE177,1,1,1,39,7/12/2018,"30°50'48.9"" N","101°16'27.6"" E",3476,,,Orobanchaceae,Pedicularis,cranolopha,,,,
"2018 Eaton, McKenzie, Meek, Zuo",DE178,1,1,1,39,7/12/2018,"30°50'48.9"" N","101°16'27.6"" E",3476,,,Orobanchaceae,Pedicularis,lutescens,,,,
"2018 Eaton, McKenzie, Meek, Zuo",DE179,1,3,1,39,7/12/2018,"30°50'48.9"" N","101°16'27.6"" E",3476,,,Orobanchaceae,Pedicularis,szetschuanica,,,,
"2018 Eaton, McKenzie, Meek, Zuo",DE180,1,1,1,39,7/12/2018,"30°50'48.9"" N","101°16'27.6"" E",3476,,,Orobanchaceae,Pedicularis,verticillata,,,,
"2018 Eaton, McKenzie, Meek, Zuo",DE181,1,1,1,40,7/12/2018,"31°08'49.3"" N","100°54'00.1"" E",3074,,,Orobanchaceae,Pedicularis,cyathophylloides,,,,
"2018 Eaton, McKenzie, Meek, Zuo",DE182,1,1,1,40,7/12/2018,"31°08'49.3"" N","100°54'00.1"" E",3074,,,Orobanchaceae,Pedicularis,batangensis,,Flowers white with purple crested galea. ,,
"2018 Eaton, McKenzie, Meek, Zuo",DE183,1,1,1,40,7/12/2018,"31°08'49.3"" N","100°54'00.1"" E",3074,,,Orobanchaceae,Pedicularis,cranolopha,,,,
"2018 Eaton, McKenzie, Meek, Zuo",DE186,1,2,1,41,7/12/2018,"31°12'03.7"" N","100°51'28.4"" E",3090,,,Orobanchaceae,Pedicularis,cranolopha,,Flowers variable in the presence of galea appendage as a frill or nub.,,
"2018 Eaton, McKenzie, Meek, Zuo",DE187,1,1,1,42,7/12/2018,"31°19'09.2"" N","100°44'15.8"" E",3152,,,Orobanchaceae,Pedicularis,alaschanica,,,,
"2018 Eaton, McKenzie, Meek, Zuo",DE188,1,1,1,42,7/12/2018,"31°19'09.2"" N","100°44'15.8"" E",3152,,,Orobanchaceae,Pedicularis,batangensis,,,,
"2018 Eaton, McKenzie, Meek, Zuo",DE189,1,3,1,43,7/13/2018,"31°23'34.1"" N","100°40'57.4"" E",3180,,,Orobanchaceae,Pedicularis,cranolopha,,,,
"2018 Eaton, McKenzie, Meek, Zuo",DE190,1,1,1,43,7/13/2018,"31°23'34.1"" N","100°40'57.4"" E",3180,,,Orobanchaceae,Pedicularis,alaschanica,,,,
"2018 Eaton, McKenzie, Meek, Zuo",DE191,1,1,1,43,7/13/2018,"31°23'34.1"" N","100°40'57.4"" E",3180,,,Orobanchaceae,Pedicularis,kansuensis,,Flowers purple.,,
"2018 Eaton, McKenzie, Meek, Zuo",DE192,1,1,1,44,7/13/2018,"31°34'29.0"" N","100°43'15.4"" E",3336,,,Orobanchaceae,Pedicularis,cranolopha,,,,
"2018 Eaton, McKenzie, Meek, Zuo",DE193,1,1,1,44,7/13/2018,"31°34'29.0"" N","100°43'15.4"" E",3336,,,Orobanchaceae,Pedicularis,longiflora,,,,
"2018 Eaton, McKenzie, Meek, Zuo",DE194,1,1,1,44,7/13/2018,"31°34'29.0"" N","100°43'15.4"" E",3336,,,Orobanchaceae,Pedicularis,kansuensis,,,,
"2018 Eaton, McKenzie, Meek, Zuo",DE195,1,1,1,45,7/13/2018,"31°36'40.9"" N","100°43'02.5"" E",3424,,,Orobanchaceae,Pedicularis,semitorta,,,,
"2018 Eaton, McKenzie, Meek, Zuo",DE196,1,1,1,46,7/13/2018,"31°39'27.0"" N","100°42'04.7"" E",3600,,,Orobanchaceae,Pedicularis,cranolopha,,,,
"2018 Eaton, McKenzie, Meek, Zuo",DE197,1,1,1,46,7/13/2018,"31°39'27.0"" N","100°42'04.7"" E",3600,,,Orobanchaceae,Pedicularis,cyathophylla,,,,
"2018 Eaton, McKenzie, Meek, Zuo",DE198,1,0,0,46,7/13/2018,"31°39'27.0"" N","100°42'04.7"" E",3600,,,Orobanchaceae,Pedicularis,ingens,,,,
"2018 Eaton, McKenzie, Meek, Zuo",DE199,1,1,1,46,7/13/2018,"31°39'27.0"" N","100°42'04.7"" E",3600,,,Orobanchaceae,Pedicularis,kansuensis,,Flowers light purple.,,
"2018 Eaton, McKenzie, Meek, Zuo",DE200,1,1,1,46,7/13/2018,"31°39'27.0"" N","100°42'04.7"" E",3600,,,Orobanchaceae,Pedicularis,semitorta,,,,
"2018 Eaton, McKenzie, Meek, Zuo",DE201,1,1,1,46,7/13/2018,"31°39'27.0"" N","100°42'04.7"" E",3600,,,Orobanchaceae,Pedicularis,densispica,,,,
"2018 Eaton, McKenzie, Meek, Zuo",DE202,1,1,1,46,7/13/2018,"31°39'27.0"" N","100°42'04.7"" E",3600,,,Orobanchaceae,Pedicularis,decorissima,,,,
"2018 Eaton, McKenzie, Meek, Zuo",DE203,1,1,1,46,7/13/2018,"31°39'27.0"" N","100°42'04.7"" E",3600,,,Orobanchaceae,Pedicularis,brevilabris,,,,
"2018 Eaton, McKenzie, Meek, Zuo",DE204,1,0,0,46,7/13/2018,"31°39'27.0"" N","100°42'04.7"" E",3600,,,Orobanchaceae,Pedicularis,cyathophylla,,,,
"2018 Eaton, McKenzie, Meek, Zuo",DE205,1,1,0,46,7/13/2018,"31°39'27.0"" N","100°42'04.7"" E",3600,,,Orobanchaceae,Pedicularis,rhinanthoides,,,,
"2018 Eaton, McKenzie, Meek, Zuo",DE206,1,0,0,47,7/13/2018,"31°43'12.1"" N","100°42'53.9"" E",3704,,,Orobanchaceae,Pedicularis,cranolopha,,,,
"2018 Eaton, McKenzie, Meek, Zuo",DE207,1,1,0,47,7/13/2018,"31°43'12.1"" N","100°42'53.9"" E",3704,,,Orobanchaceae,Pedicularis,rhinanthoides,,,,
"2018 Eaton, McKenzie, Meek, Zuo",DE208,1,1,1,48,7/13/2018,"31°47'16.5"" N","100°44'51.9"" E",?,,,Orobanchaceae,Pedicularis,rhinanthoides,,,,
"2018 Eaton, McKenzie, Meek, Zuo",DE209,1,1,1,48,7/13/2018,"31°47'16.5"" N","100°44'51.9"" E",?,,,Orobanchaceae,Pedicularis,kansuensis,,Flowers purple,,
"2018 Eaton, McKenzie, Meek, Zuo",DE210,1,1,1,48,7/13/2018,"31°47'16.5"" N","100°44'51.9"" E",?,,,Orobanchaceae,Pedicularis,brevilabris,,,,
"2018 Eaton, McKenzie, Meek, Zuo",DE211,1,1,0,48,7/13/2018,"31°47'16.5"" N","100°44'51.9"" E",?,,,Orobanchaceae,Pedicularis,cyathophylla,,,,
"2018 Eaton, McKenzie, Meek, Zuo",DE212,1,0,0,48,7/13/2018,"31°47'16.5"" N","100°44'51.9"" E",?,,,Orobanchaceae,Pedicularis,decorissima,,,,
"2018 Eaton, McKenzie, Meek, Zuo",DE213,1,1,1,49,7/13/2018,"31°49'54.7"" N","100°44'21.4"" E",3672,,,Orobanchaceae,Pedicularis,cyathophylla,,,,
"2018 Eaton, McKenzie, Meek, Zuo",DE214,1,1,1,49,7/13/2018,"31°49'54.7"" N","100°44'21.4"" E",3672,,,Orobanchaceae,Pedicularis,brevilabris,,,,
"2018 Eaton, McKenzie, Meek, Zuo",DE215,1,1,0,49,7/13/2018,"31°49'54.7"" N","100°44'21.4"" E",3672,,,Orobanchaceae,Pedicularis,decorissima,,,,
"2018 Eaton, McKenzie, Meek, Zuo",DE216,1,1,0,49,7/13/2018,"31°49'54.7"" N","100°44'21.4"" E",3672,,,Orobanchaceae,Pedicularis,ingens,,,,
"2018 Eaton, McKenzie, Meek, Zuo",DE217,1,1,1,49,7/13/2018,"31°49'54.7"" N","100°44'21.4"" E",3672,,,Orobanchaceae,Pedicularis,kansuensis,,Flowers purple,,
"2018 Eaton, McKenzie, Meek, Zuo",DE218,1,1,1,49,7/13/2018,"31°49'54.7"" N","100°44'21.4"" E",3672,,,Orobanchaceae,Pedicularis,cranolopha,,,,
"2018 Eaton, McKenzie, Meek, Zuo",DE219,1,1,1,49,7/13/2018,"31°49'54.7"" N","100°44'21.4"" E",3672,,,Orobanchaceae,Pedicularis,rhinanthoides,,,,
"2018 Eaton, McKenzie, Meek, Zuo",DE220,1,1,1,50,7/13/2018,"31°12'03.7"" N","100°51'28.4"" E",3090,,,Orobanchaceae,Pedicularis,decora,,,,
"2018 Eaton, McKenzie, Meek, Zuo",DE221,1,0,0,50,7/13/2018,"31°12'03.7"" N","100°51'28.4"" E",3090,,,Orobanchaceae,Pedicularis,kansuensis,,Flowers white.,,
"2018 Eaton, McKenzie, Meek, Zuo",DE222,1,1,0,50,7/13/2018,"31°12'03.7"" N","100°51'28.4"" E",3090,,,Orobanchaceae,Pedicularis,kansuensis,,Flowers purple.,,
"2018 Eaton, McKenzie, Meek, Zuo",DE223,1,1,1,51,7/14/2018,"31°27'12.0"" N","100°34'26.3"" E",3173,,,Orobanchaceae,Pedicularis,alaschanica,,,,
"2018 Eaton, McKenzie, Meek, Zuo",DE224,1,1,1,51,7/14/2018,"31°27'12.0"" N","100°34'26.3"" E",3173,,,Orobanchaceae,Pedicularis,cranolopha,,,,
"2018 Eaton, McKenzie, Meek, Zuo",DE225,1,1,1,52,7/14/2018,"31°32'35.3"" N","100°28'14.3"" E",3214,,,Ranunculaceae,Aquilegia,sp.,,,,
"2018 Eaton, McKenzie, Meek, Zuo",DE226,1,1,1,52,7/14/2018,"31°32'35.3"" N","100°28'14.3"" E",3214,,,Orobanchaceae,Pedicularis,batangensis,,,,
"2018 Eaton, McKenzie, Meek, Zuo",DE227,1,1,1,52,7/14/2018,"31°32'35.3"" N","100°28'14.3"" E",3214,,,Orobanchaceae,Pedicularis,lachnoglossa,,,,
"2018 Eaton, McKenzie, Meek, Zuo",DE228,1,1,1,52,7/14/2018,"31°32'35.3"" N","100°28'14.3"" E",3214,,,Orobanchaceae,Pedicularis,longiflora,,,,
"2018 Eaton, McKenzie, Meek, Zuo",DE229,1,1,1,52,7/14/2018,"31°32'35.3"" N","100°28'14.3"" E",3214,,,Orobanchaceae,Pedicularis,alaschanica,,,,
"2018 Eaton, McKenzie, Meek, Zuo",DE230,1,1,1,52,7/14/2018,"31°32'35.3"" N","100°28'14.3"" E",3214,,,Orobanchaceae,Pedicularis,polyodonta,,,,
"2018 Eaton, McKenzie, Meek, Zuo",DE231,1,1,1,52,7/14/2018,"31°32'35.3"" N","100°28'14.3"" E",3214,,,Orobanchaceae,Pedicularis,cranolopha,,,,
"2018 Eaton, McKenzie, Meek, Zuo",DE232,1,1,0,52,7/14/2018,"31°32'35.3"" N","100°28'14.3"" E",3214,,,Orobanchaceae,Pedicularis,verticillata,,,,
"2018 Eaton, McKenzie, Meek, Zuo",DE233,1,1,1,52,7/14/2018,"31°32'35.3"" N","100°28'14.3"" E",3214,,,Orobanchaceae,Pedicularis,oliveriana,,,,
"2018 Eaton, McKenzie, Meek, Zuo",DE234,1,1,1,53,7/14/2018,"31°35'47.6"" N","100°22'08.3"" E",3284,,,Orobanchaceae,Pedicularis,cranolopha,,,,
"2018 Eaton, McKenzie, Meek, Zuo",DE235,1,1,1,53,7/14/2018,"31°35'47.6"" N","100°22'08.3"" E",3284,,,Orobanchaceae,Pedicularis,anas,,,,
"2018 Eaton, McKenzie, Meek, Zuo",DE236,1,1,0,53,7/14/2018,"31°35'47.6"" N","100°22'08.3"" E",3284,,,Orobanchaceae,Pedicularis,ingens,,,,
"2018 Eaton, McKenzie, Meek, Zuo",DE237,1,1,1,53,7/14/2018,"31°35'47.6"" N","100°22'08.3"" E",3284,,,Orobanchaceae,Pedicularis,alaschanica,,,,
"2018 Eaton, McKenzie, Meek, Zuo",DE238,1,1,1,53,7/14/2018,"31°35'47.6"" N","100°22'08.3"" E",3284,,,Orobanchaceae,Pedicularis,oliveriana,,,,
"2018 Eaton, McKenzie, Meek, Zuo",DE239,1,1,1,53,7/14/2018,"31°35'47.6"" N","100°22'08.3"" E",3284,,,Orobanchaceae,Pedicularis,polyodonta,,,,
"2018 Eaton, McKenzie, Meek, Zuo",DE240,1,1,1,53,7/14/2018,"31°35'47.6"" N","100°22'08.3"" E",3284,,,Orobanchaceae,Pedicularis,kansuensis,,Flowers purple.,,
"2018 Eaton, McKenzie, Meek, Zuo",DE241,1,1,1,53,7/14/2018,"31°35'47.6"" N","100°22'08.3"" E",3284,,,Orobanchaceae,Pedicularis,kansuensis,,Flowers white.,,
"2018 Eaton, McKenzie, Meek, Zuo",DE242,1,1,1,53,7/14/2018,"31°35'47.6"" N","100°22'08.3"" E",3284,,,Orobanchaceae,Pedicularis,kansuensis,,Flowers white with pink fading (potential hybrids),,
"2018 Eaton, McKenzie, Meek, Zuo",DE243,1,1,1,54,7/14/2018,"31°39'06.8"" N","100°15'30.3"" E",3500,,,Orobanchaceae,Pedicularis,kansuensis,,Flowers yellow,,
"2018 Eaton, McKenzie, Meek, Zuo",DE244,1,1,1,54,7/14/2018,"31°39'06.8"" N","100°15'30.3"" E",3500,,,Orobanchaceae,Pedicularis,cranolopha,,,,
"2018 Eaton, McKenzie, Meek, Zuo",DE245,1,1,1,54,7/14/2018,"31°39'06.8"" N","100°15'30.3"" E",3500,,,Orobanchaceae,Pedicularis,rhinanthoides,,,,
"2018 Eaton, McKenzie, Meek, Zuo",DE246,1,1,1,54,7/14/2018,"31°39'06.8"" N","100°15'30.3"" E",3500,,,Orobanchaceae,Pedicularis,longiflora,,,,
"2018 Eaton, McKenzie, Meek, Zuo",DE247,1,1,1,55,7/14/2018,"31°37'38.5"" N","100°14'03.7"" E",3760,,,Orobanchaceae,Pedicularis,polyodonta,,,,
"2018 Eaton, McKenzie, Meek, Zuo",DE248,1,1,1,55,7/14/2018,"31°37'38.5"" N","100°14'03.7"" E",3760,,,Orobanchaceae,Pedicularis,anas,,,,
"2018 Eaton, McKenzie, Meek, Zuo",DE249,1,1,1,55,7/14/2018,"31°37'38.5"" N","100°14'03.7"" E",3760,,,Orobanchaceae,Pedicularis,densispica,,,,
"2018 Eaton, McKenzie, Meek, Zuo",DE250,1,1,1,55,7/14/2018,"31°37'38.5"" N","100°14'03.7"" E",3760,,,Orobanchaceae,Pedicularis,szetschuanica,,,,
"2018 Eaton, McKenzie, Meek, Zuo",DE251,1,1,1,55,7/14/2018,"31°37'38.5"" N","100°14'03.7"" E",3760,,,Orobanchaceae,Pedicularis,brevilabris,,,,
"2018 Eaton, McKenzie, Meek, Zuo",DE252,1,1,1,55,7/14/2018,"31°37'38.5"" N","100°14'03.7"" E",3760,,,Orobanchaceae,Pedicularis,cranolopha,,,,
"2018 Eaton, McKenzie, Meek, Zuo",DE253,1,1,0,55,7/14/2018,"31°37'38.5"" N","100°14'03.7"" E",3760,,,Orobanchaceae,Pedicularis,kansuensis,,Flowers purple.,,
"2018 Eaton, McKenzie, Meek, Zuo",DE254,1,1,0,55,7/14/2018,"31°37'38.5"" N","100°14'03.7"" E",3760,,,Orobanchaceae,Pedicularis,kansuensis,,Flowers pink.,,
"2018 Eaton, McKenzie, Meek, Zuo",DE255,1,1,0,55,7/14/2018,"31°37'38.5"" N","100°14'03.7"" E",3760,,,Orobanchaceae,Pedicularis,kansuensis,,Flowers yellow.,,
"2018 Eaton, McKenzie, Meek, Zuo",DE256,1,1,0,55,7/14/2018,"31°37'38.5"" N","100°14'03.7"" E",3760,,,Orobanchaceae,Pedicularis,kansuensis,,Flowers white.,,
"2018 Eaton, McKenzie, Meek, Zuo",DE257,1,1,0,56,7/14/2018,"31°37'34.0"" N","100°13'23.9"" E",3900,,,Orobanchaceae,Pedicularis,longiflora,,,,
"2018 Eaton, McKenzie, Meek, Zuo",DE258,1,0,0,56,7/14/2018,"31°37'34.0"" N","100°13'23.9"" E",3900,,,Orobanchaceae,Pedicularis,tatsienensis,,,,
"2018 Eaton, McKenzie, Meek, Zuo",DE259,1,1,1,56,7/14/2018,"31°37'34.0"" N","100°13'23.9"" E",3900,,,Orobanchaceae,Pedicularis,rhinanthoides,,,,
"2018 Eaton, McKenzie, Meek, Zuo",DE260,1,1,1,57,7/14/2018,"31°35'11.8"" N","100°08'30.0"" E",3650,,,Orobanchaceae,Pedicularis,densispica,,,,
"2018 Eaton, McKenzie, Meek, Zuo",DE261,1,1,1,57,7/14/2018,"31°35'11.8"" N","100°08'30.0"" E",3650,,,Orobanchaceae,Pedicularis,kansuensis,,Flowers yellow,,
"2018 Eaton, McKenzie, Meek, Zuo",DE262,1,1,1,57,7/14/2018,"31°35'11.8"" N","100°08'30.0"" E",3650,,,Orobanchaceae,Pedicularis,cranolopha,,,,
"2018 Eaton, McKenzie, Meek, Zuo",DE263,1,1,1,57,7/14/2018,"31°35'11.8"" N","100°08'30.0"" E",3650,,,Orobanchaceae,Pedicularis,rhinanthoides,,,,
"2018 Eaton, McKenzie, Meek, Zuo",DE264,1,1,1,57,7/14/2018,"31°35'11.8"" N","100°08'30.0"" E",3650,,,Orobanchaceae,Pedicularis,anas,,,,
"2018 Eaton, McKenzie, Meek, Zuo",DE265,1,2,1,57,7/14/2018,"31°35'11.8"" N","100°08'30.0"" E",3650,,,Orobanchaceae,Pedicularis,longiflora,,,,
"2018 Eaton, McKenzie, Meek, Zuo",DE266,1,2,1,58,7/14/2018,"31°10'09.7"" N","100°18'02.7"" E",3200,,,Orobanchaceae,Pedicularis,cyathophylloides,,Common in forest understory on slopes.,,
"2018 Eaton, McKenzie, Meek, Zuo",DE267,1,1,1,58,7/14/2018,"31°10'09.7"" N","100°18'02.7"" E",3200,,,Orobanchaceae,Pedicularis,pseudomelampyriflora,,,,
"2018 Eaton, McKenzie, Meek, Zuo",DE268,1,1,1,58,7/14/2018,"31°10'09.7"" N","100°18'02.7"" E",3200,,,Orobanchaceae,Pedicularis,batangensis,,Flowers pale yellow with darker yellow galea.,,
"2018 Eaton, McKenzie, Meek, Zuo",DE269,1,1,1,59,7/15/2018,"31°42'55.1"" N","99°36'58.6"" E",3746,,,Orobanchaceae,Euphrasia,sp.,,,,
"2018 Eaton, McKenzie, Meek, Zuo",DE270,1,0,0,59,7/15/2018,"31°42'55.1"" N","99°36'58.6"" E",3746,,,Orobanchaceae,Pedicularis,ingens,,,,
"2018 Eaton, McKenzie, Meek, Zuo",DE271,1,1,1,59,7/15/2018,"31°42'55.1"" N","99°36'58.6"" E",3746,,,Orobanchaceae,Pedicularis,lachnoglossa,,,,
"2018 Eaton, McKenzie, Meek, Zuo",DE272,1,1,1,59,7/15/2018,"31°42'55.1"" N","99°36'58.6"" E",3746,,,Orobanchaceae,Pedicularis,rhinanthoides,,,,
"2018 Eaton, McKenzie, Meek, Zuo",DE273,1,1,1,59,7/15/2018,"31°42'55.1"" N","99°36'58.6"" E",3746,,,Orobanchaceae,Pedicularis,densispica,,,,
"2018 Eaton, McKenzie, Meek, Zuo",DE274,1,1,1,59,7/15/2018,"31°42'55.1"" N","99°36'58.6"" E",3746,,,Orobanchaceae,Pedicularis,szetschuanica,,,,
"2018 Eaton, McKenzie, Meek, Zuo",DE275,1,1,1,59,7/15/2018,"31°42'55.1"" N","99°36'58.6"" E",3746,,,Orobanchaceae,Pedicularis,brevilabris,,,,
"2018 Eaton, McKenzie, Meek, Zuo",DE276,1,1,1,59,7/15/2018,"31°42'55.1"" N","99°36'58.6"" E",3746,,,Orobanchaceae,Pedicularis,polyodonta,,,,
"2018 Eaton, McKenzie, Meek, Zuo",DE277,1,1,1,59,7/15/2018,"31°42'55.1"" N","99°36'58.6"" E",3746,,,Orobanchaceae,Pedicularis,anas,,,,
"2018 Eaton, McKenzie, Meek, Zuo",DE278,1,1,1,59,7/15/2018,"31°42'55.1"" N","99°36'58.6"" E",3746,,,Orobanchaceae,Pedicularis,longiflora,,,,
"2018 Eaton, McKenzie, Meek, Zuo",DE279,1,1,1,59,7/15/2018,"31°42'55.1"" N","99°36'58.6"" E",3746,,,Orobanchaceae,Pedicularis,cranolopha,,,,
"2018 Eaton, McKenzie, Meek, Zuo",DE280,1,1,1,59,7/15/2018,"31°42'55.1"" N","99°36'58.6"" E",3746,,,Orobanchaceae,Pedicularis,kansuensis,,,,
"2018 Eaton, McKenzie, Meek, Zuo",DE281,1,1,1,60,7/15/2018,"31°54'39.7"" N","99°15'28.3"" E",3800,,,Orobanchaceae,Pedicularis,polyodonta,,,,
"2018 Eaton, McKenzie, Meek, Zuo",DE282,1,1,1,60,7/15/2018,"31°54'39.7"" N","99°15'28.3"" E",3800,,,Orobanchaceae,Pedicularis,longiflora,,Flowers yellow fading to white on the outer edge of lower corolla lips. ,,
"2018 Eaton, McKenzie, Meek, Zuo",DE283,1,1,1,60,7/15/2018,"31°54'39.7"" N","99°15'28.3"" E",3800,,,Orobanchaceae,Pedicularis,szetschuanica,,,,
"2018 Eaton, McKenzie, Meek, Zuo",DE284,1,1,1,60,7/15/2018,"31°54'39.7"" N","99°15'28.3"" E",3800,,,Orobanchaceae,Pedicularis,kansuensis,,,,
"2018 Eaton, McKenzie, Meek, Zuo",DE285,1,1,1,60,7/15/2018,"31°54'39.7"" N","99°15'28.3"" E",3800,,,Orobanchaceae,Pedicularis,cheilanthifolia,,Flowers with white lower lips with dark purple venation and dark purple galea. ,,
"2018 Eaton, McKenzie, Meek, Zuo",DE286,1,1,1,61,7/15/2018,"32°03'08.5"" N","99°00'41.3"" E",4490,,,Orobanchaceae,Pedicularis,przewalskii,,,,
"2018 Eaton, McKenzie, Meek, Zuo",DE287,1,0,0,62,7/15/2018,"32°03'40.6"" N","99°00'34.0"" E",4388,,,Orobanchaceae,Pedicularis,brevilabris,,,,
"2018 Eaton, McKenzie, Meek, Zuo",DE288,1,1,1,62,7/15/2018,"32°03'40.6"" N","99°00'34.0"" E",4388,,,Orobanchaceae,Pedicularis,sp.,,,,
"2018 Eaton, McKenzie, Meek, Zuo",DE289,1,1,1,62,7/15/2018,"32°03'40.6"" N","99°00'34.0"" E",4388,,,Orobanchaceae,Pedicularis,kansuensis,,,,
"2018 Eaton, McKenzie, Meek, Zuo",DE290,1,1,1,62,7/15/2018,"32°03'40.6"" N","99°00'34.0"" E",4388,,,Orobanchaceae,Pedicularis,rhinanthoides,,,,
"2018 Eaton, McKenzie, Meek, Zuo",DE291,1,1,1,62,7/15/2018,"32°03'40.6"" N","99°00'34.0"" E",4388,,,Orobanchaceae,Pedicularis,anas,,Flowers white.,,
"2018 Eaton, McKenzie, Meek, Zuo",DE292,1,1,1,63,7/15/2018,"32°04'00.7"" N","99°00'15.2"" E",4270,,,Orobanchaceae,Pedicularis,anas,,,,
"2018 Eaton, McKenzie, Meek, Zuo",DE293,1,0,0,63,7/15/2018,"32°04'00.7"" N","99°00'15.2"" E",4270,,,Orobanchaceae,Pedicularis,polyodonta,,,,
"2018 Eaton, McKenzie, Meek, Zuo",DE294,1,1,1,63,7/15/2018,"32°04'00.7"" N","99°00'15.2"" E",4270,,,Orobanchaceae,Pedicularis,confertiflora subsp. confertiflora,,,,
"2018 Eaton, McKenzie, Meek, Zuo",DE295,1,1,1,63,7/15/2018,"32°04'00.7"" N","99°00'15.2"" E",4270,,,Orobanchaceae,Pedicularis,sp. ,,Flowers white with dark purple galea and beak.,,
"2018 Eaton, McKenzie, Meek, Zuo",DE296,1,1,1,63,7/15/2018,"32°04'00.7"" N","99°00'15.2"" E",4270,,,Orobanchaceae,Pedicularis,sp.,,"Flowers yellow, style protruding out of beak.",,
"2018 Eaton, McKenzie, Meek, Zuo",DE297,1,1,1,63,7/15/2018,"32°04'00.7"" N","99°00'15.2"" E",4270,,,Orobanchaceae,Pedicularis,szetschuanica,,,,
"2018 Eaton, McKenzie, Meek, Zuo",DE298,1,1,1,63,7/15/2018,"32°04'00.7"" N","99°00'15.2"" E",4270,,,Orobanchaceae,Pedicularis,longiflora,,,,
"2018 Eaton, McKenzie, Meek, Zuo",DE299,1,1,1,63,7/15/2018,"32°04'00.7"" N","99°00'15.2"" E",4270,,,Orobanchaceae,Pedicularis,rhinanthoides,,,,
"2018 Eaton, McKenzie, Meek, Zuo",DE300,1,1,1,64,7/15/2018,"32°00'32.5"" N","99°02'53.8"" E",3990,,,Orobanchaceae,Pedicularis,verticillata,,,,
"2018 Eaton, McKenzie, Meek, Zuo",DE301,1,1,1,64,7/15/2018,"32°00'32.5"" N","99°02'53.8"" E",3990,,,Orobanchaceae,Pedicularis,kansuensis,,,,
"2018 Eaton, McKenzie, Meek, Zuo",DE302,1,1,1,64,7/15/2018,"32°00'32.5"" N","99°02'53.8"" E",3990,,,Orobanchaceae,Pedicularis,sp.,,,,
"2018 Eaton, McKenzie, Meek, Zuo",DE303,1,1,1,64,7/15/2018,"32°00'32.5"" N","99°02'53.8"" E",3990,,,Orobanchaceae,Pedicularis,lachnoglossa,,,,
"2018 Eaton, McKenzie, Meek, Zuo",DE304,1,1,1,64,7/15/2018,"32°00'32.5"" N","99°02'53.8"" E",3990,,,Orobanchaceae,Pedicularis,polyodonta,,,,
"2018 Eaton, McKenzie, Meek, Zuo",DE305,1,1,1,64,7/15/2018,"32°00'32.5"" N","99°02'53.8"" E",3990,,,Orobanchaceae,Pedicularis,integrifolia,,,,
"2018 Eaton, McKenzie, Meek, Zuo",DE306,1,1,1,64,7/15/2018,"32°00'32.5"" N","99°02'53.8"" E",3990,,,Orobanchaceae,Pedicularis,szetschuanica,,,,
"2018 Eaton, McKenzie, Meek, Zuo",DE307,1,1,1,64,7/15/2018,"32°00'32.5"" N","99°02'53.8"" E",3990,,,Orobanchaceae,Pedicularis,cranolopha,,,,
"2018 Eaton, McKenzie, Meek, Zuo",DE308,1,1,1,64,7/15/2018,"32°00'32.5"" N","99°02'53.8"" E",3990,,,Orobanchaceae,Pedicularis,longiflora,,,,
"2018 Eaton, McKenzie, Meek, Zuo",DE309,1,0,0,65,7/15/2018,"31°53'13.6"" N","99°02'01.6"" E",4077,,,Orobanchaceae,Pedicularis,kansuensis,,Flowers pink.,,
"2018 Eaton, McKenzie, Meek, Zuo",DE310,1,1,0,65,7/15/2018,"31°53'13.6"" N","99°02'01.6"" E",4077,,,Orobanchaceae,Pedicularis,kansuensis,,Flowers white.,,
"2018 Eaton, McKenzie, Meek, Zuo",DE311,1,1,1,65,7/15/2018,"31°53'13.6"" N","99°02'01.6"" E",4077,,,Orobanchaceae,Pedicularis,kansuensis,,Flowers purple.,,
"2018 Eaton, McKenzie, Meek, Zuo",DE312,1,1,1,65,7/15/2018,"31°53'13.6"" N","99°02'01.6"" E",4077,,,Orobanchaceae,Pedicularis,lachnoglossa,,,,
"2018 Eaton, McKenzie, Meek, Zuo",DE313,1,1,1,65,7/15/2018,"31°53'13.6"" N","99°02'01.6"" E",4077,,,Orobanchaceae,Pedicularis,longiflora,,,,
"2018 Eaton, McKenzie, Meek, Zuo",DE314,1,1,1,65,7/15/2018,"31°53'13.6"" N","99°02'01.6"" E",4077,,,Orobanchaceae,Pedicularis,cranolopha,,,,
"2018 Eaton, McKenzie, Meek, Zuo",DE315,1,1,1,65,7/15/2018,"31°53'13.6"" N","99°02'01.6"" E",4077,,,Orobanchaceae,Pedicularis,szetschuanica,,,,
"2018 Eaton, McKenzie, Meek, Zuo",DE316,1,1,1,65,7/15/2018,"31°53'13.6"" N","99°02'01.6"" E",4077,,,Orobanchaceae,Pedicularis,sp. ,,Flowers purple with white throat.,,
"2018 Eaton, McKenzie, Meek, Zuo",DE317,1,1,1,65,7/15/2018,"31°53'13.6"" N","99°02'01.6"" E",4077,,,Orobanchaceae,Pedicularis,siphonantha,,,,
"2018 Eaton, McKenzie, Meek, Zuo",DE318,1,1,1,66,7/15/2018,"31°55'57.1"" N","98°49'59.5"" E",3790,,,Orobanchaceae,Pedicularis,sp. ,,,,
"2018 Eaton, McKenzie, Meek, Zuo",DE319,1,1,1,66,7/15/2018,"31°55'57.1"" N","98°49'59.5"" E",3790,,,Orobanchaceae,Pedicularis,brevilabris,,,,
"2018 Eaton, McKenzie, Meek, Zuo",DE320,1,1,1,66,7/15/2018,"31°55'57.1"" N","98°49'59.5"" E",3790,,,Orobanchaceae,Pedicularis,kansuensis,,,,
"2018 Eaton, McKenzie, Meek, Zuo",DE321,1,1,1,66,7/15/2018,"31°55'57.1"" N","98°49'59.5"" E",3790,,,Orobanchaceae,Pedicularis,cranolopha,,,,
"2018 Eaton, McKenzie, Meek, Zuo",DE322,1,1,0,66,7/15/2018,"31°55'57.1"" N","98°49'59.5"" E",3790,,,Orobanchaceae,Pedicularis,lachnoglossa,,,,
"2018 Eaton, McKenzie, Meek, Zuo",DE323,1,0,0,66,7/15/2018,"31°55'57.1"" N","98°49'59.5"" E",3790,,,Orobanchaceae,Pedicularis,kansuensis,,,,
"2018 Eaton, McKenzie, Meek, Zuo",DE324,1,1,1,67,7/16/2018,"31°52'45.3"" N","98°35'29.0"" E",3300,,,Orobanchaceae,Pedicularis,kansuensis,,Flowers pink.,,
"2018 Eaton, McKenzie, Meek, Zuo",DE325,1,1,1,67,7/16/2018,"31°52'45.3"" N","98°35'29.0"" E",3300,,,Orobanchaceae,Pedicularis,cranolopha,,,,
"2018 Eaton, McKenzie, Meek, Zuo",DE326,1,1,1,68,7/16/2018,"31°33'30.3"" N","98°40'45.1"" E",3085,,,Orobanchaceae,Pedicularis,pseudomelampyriflora,,,,
"2018 Eaton, McKenzie, Meek, Zuo",DE327,1,1,1,68,7/16/2018,"31°33'30.3"" N","98°40'45.1"" E",3085,,,Orobanchaceae,Pedicularis,cranolopha,,,,
"2018 Eaton, McKenzie, Meek, Zuo",DE328,1,1,1,68,7/16/2018,"31°33'30.3"" N","98°40'45.1"" E",3085,,,Orobanchaceae,Pedicularis,scolopax,,,,
"2018 Eaton, McKenzie, Meek, Zuo",DE329,1,1,1,68,7/16/2018,"31°33'30.3"" N","98°40'45.1"" E",3085,,,Orobanchaceae,Pedicularis,kansuensis,,,,
"2018 Eaton, McKenzie, Meek, Zuo",DE330,1,1,0,69,7/16/2018,"31°27'47.7"" N","98°49'12.5"" E",3686,,,Orobanchaceae,Pedicularis,kansuensis,,Flowers purple.,,
"2018 Eaton, McKenzie, Meek, Zuo",DE331,1,1,1,69,7/16/2018,"31°27'47.7"" N","98°49'12.5"" E",3686,,,Orobanchaceae,Pedicularis,lachnoglossa,,,,
"2018 Eaton, McKenzie, Meek, Zuo",DE332,1,1,1,69,7/16/2018,"31°27'47.7"" N","98°49'12.5"" E",3686,,,Orobanchaceae,Pedicularis,cranolopha,,,,
"2018 Eaton, McKenzie, Meek, Zuo",DE333,1,1,1,69,7/16/2018,"31°27'47.7"" N","98°49'12.5"" E",3686,,,Orobanchaceae,Pedicularis,alaschanica,,,,
"2018 Eaton, McKenzie, Meek, Zuo",DE334,1,1,1,69,7/16/2018,"31°27'47.7"" N","98°49'12.5"" E",3686,,,Orobanchaceae,Pedicularis,integrifolia,,,,
"2018 Eaton, McKenzie, Meek, Zuo",DE335,1,1,1,70,7/17/2018,"31°07'20.5"" N","98°53'24.1"" E",3053,,,Orobanchaceae,Pedicularis,cranolopha,,,,
"2018 Eaton, McKenzie, Meek, Zuo",DE336,1,1,1,70,7/17/2018,"31°07'20.5"" N","98°53'24.1"" E",3053,,,Orobanchaceae,Pedicularis,kansuensis,,Flowers pink,,
"2018 Eaton, McKenzie, Meek, Zuo",DE337,1,1,1,70,7/17/2018,"31°07'20.5"" N","98°53'24.1"" E",3053,,,Orobanchaceae,Pedicularis,pseudomelampyriflora,,,,
"2018 Eaton, McKenzie, Meek, Zuo",DE338,1,1,1,70,7/17/2018,"31°07'20.5"" N","98°53'24.1"" E",3053,,,Orobanchaceae,Pedicularis,scolopax,,,,
"2018 Eaton, McKenzie, Meek, Zuo",DE339,1,1,0,70,7/17/2018,"31°07'20.5"" N","98°53'24.1"" E",3053,,,Orobanchaceae,Pedicularis,sp.,,,,
"2018 Eaton, McKenzie, Meek, Zuo",DE340,1,1,1,71,7/17/2018,"31°02'39.5"" N","98°54'31.7"" E",3505,,,Orobanchaceae,Pedicularis,decora,,,,
"2018 Eaton, McKenzie, Meek, Zuo",DE341,1,1,1,71,7/17/2018,"31°02'39.5"" N","98°54'31.7"" E",3505,,,Orobanchaceae,Pedicularis,brevilabris,,,,
"2018 Eaton, McKenzie, Meek, Zuo",DE342,1,1,1,71,7/17/2018,"31°02'39.5"" N","98°54'31.7"" E",3505,,,Orobanchaceae,Pedicularis,lachnoglossa,,,,
"2018 Eaton, McKenzie, Meek, Zuo",DE343,1,1,1,71,7/17/2018,"31°02'39.5"" N","98°54'31.7"" E",3505,,,Orobanchaceae,Pedicularis,rex,,,,
"2018 Eaton, McKenzie, Meek, Zuo",DE344,1,1,1,71,7/17/2018,"31°02'39.5"" N","98°54'31.7"" E",3505,,,Orobanchaceae,Pedicularis,cyathophylla,,,,
"2018 Eaton, McKenzie, Meek, Zuo",DE345,1,1,1,71,7/17/2018,"31°02'39.5"" N","98°54'31.7"" E",3505,,,Orobanchaceae,Pedicularis,siphonantha,,,,
"2018 Eaton, McKenzie, Meek, Zuo",DE346,1,1,1,71,7/17/2018,"31°02'39.5"" N","98°54'31.7"" E",3505,,,Orobanchaceae,Pedicularis,cyathophylloides,,,,
"2018 Eaton, McKenzie, Meek, Zuo",DE347,1,1,1,71,7/17/2018,"31°02'39.5"" N","98°54'31.7"" E",3505,,,Orobanchaceae,Pedicularis,cyathophylloides,,,,
"2018 Eaton, McKenzie, Meek, Zuo",DE348,1,1,1,71,7/17/2018,"31°02'39.5"" N","98°54'31.7"" E",3505,,,Orobanchaceae,Pedicularis,rhinanthoides,,,,
"2018 Eaton, McKenzie, Meek, Zuo",DE349,1,1,1,71,7/17/2018,"31°02'39.5"" N","98°54'31.7"" E",3505,,,Orobanchaceae,Pedicularis,kansuensis,,Flowers purple.,,
"2018 Eaton, McKenzie, Meek, Zuo",DE350,1,0,0,71,7/17/2018,"31°02'39.5"" N","98°54'31.7"" E",3505,,,Orobanchaceae,Pedicularis,cranolopha,,,,
"2018 Eaton, McKenzie, Meek, Zuo",DE351,1,1,1,71,7/17/2018,"31°02'39.5"" N","98°54'31.7"" E",3505,,,Orobanchaceae,Pedicularis,ingens,,,,
"2018 Eaton, McKenzie, Meek, Zuo",DE352,1,1,1,71,7/17/2018,"31°02'39.5"" N","98°54'31.7"" E",3505,,,Ranunculaceae,Aquilegia,rockii,,,,
"2018 Eaton, McKenzie, Meek, Zuo",DE353,1,1,1,72,7/17/2018,"30°58'51.0"" N","98°57'32.6"" E",3900,,,Orobanchaceae,Pedicularis,brevilabris,,,,
"2018 Eaton, McKenzie, Meek, Zuo",DE354,1,1,1,72,7/17/2018,"30°58'51.0"" N","98°57'32.6"" E",3900,,,Orobanchaceae,Pedicularis,cyathophylla,,,,
"2018 Eaton, McKenzie, Meek, Zuo",DE355,1,1,1,72,7/17/2018,"30°58'51.0"" N","98°57'32.6"" E",3900,,,Orobanchaceae,Pedicularis,cranolopha,,,,
"2018 Eaton, McKenzie, Meek, Zuo",DE356,1,1,1,72,7/17/2018,"30°58'51.0"" N","98°57'32.6"" E",3900,,,Orobanchaceae,Pedicularis,longiflora,,,,
"2018 Eaton, McKenzie, Meek, Zuo",DE357,1,1,1,72,7/17/2018,"30°58'51.0"" N","98°57'32.6"" E",3900,,,Orobanchaceae,Pedicularis,anas,,,,
"2018 Eaton, McKenzie, Meek, Zuo",DE358,1,1,1,72,7/17/2018,"30°58'51.0"" N","98°57'32.6"" E",3900,,,Orobanchaceae,Pedicularis,siphonantha,,,,
"2018 Eaton, McKenzie, Meek, Zuo",DE359,1,1,1,72,7/17/2018,"30°58'51.0"" N","98°57'32.6"" E",3900,,,Orobanchaceae,Pedicularis,lachnoglossa,,,,
"2018 Eaton, McKenzie, Meek, Zuo",DE360,1,1,1,72,7/17/2018,"30°58'51.0"" N","98°57'32.6"" E",3900,,,Orobanchaceae,Pedicularis,rhinanthoides,,,,
"2018 Eaton, McKenzie, Meek, Zuo",DE361,1,1,1,73,7/17/2018,"30°58'05.7"" N","98°58'07.1"" E",4214,,,Orobanchaceae,Pedicularis,trichoglossa,,,,
"2018 Eaton, McKenzie, Meek, Zuo",DE362,1,1,1,73,7/17/2018,"30°58'05.7"" N","98°58'07.1"" E",4214,,,Orobanchaceae,Pedicularis,elwesii,,,,
"2018 Eaton, McKenzie, Meek, Zuo",DE363,1,1,1,73,7/17/2018,"30°58'05.7"" N","98°58'07.1"" E",4214,,,Orobanchaceae,Pedicularis,cranolopha,,,,
"2018 Eaton, McKenzie, Meek, Zuo",DE364,1,1,1,73,7/17/2018,"30°58'05.7"" N","98°58'07.1"" E",4214,,,Orobanchaceae,Pedicularis,ingens,,,,
"2018 Eaton, McKenzie, Meek, Zuo",DE365,1,1,1,73,7/17/2018,"30°58'05.7"" N","98°58'07.1"" E",4214,,,Orobanchaceae,Pedicularis,sp.,,,,
"2018 Eaton, McKenzie, Meek, Zuo",DE366,1,1,1,74,7/17/2018,"30°43'12.1"" N","99°05'28.6"" E",3115,,,Orobanchaceae,Pedicularis,kansuensis,,Flowers purple.,,
"2018 Eaton, McKenzie, Meek, Zuo",DE367,1,1,1,74,7/17/2018,"30°43'12.1"" N","99°05'28.6"" E",3115,,,Orobanchaceae,Pedicularis,densispica,,,,
"2018 Eaton, McKenzie, Meek, Zuo",DE368,1,1,1,74,7/17/2018,"30°43'12.1"" N","99°05'28.6"" E",3115,,,Orobanchaceae,Pedicularis,cranolopha,,,,
"2018 Eaton, McKenzie, Meek, Zuo",DE369,1,1,1,75,7/17/2018,"30°35'51.7"" N","99°11'18.2"" E",3420,,,Orobanchaceae,Pedicularis,longiflora,,,,
"2018 Eaton, McKenzie, Meek, Zuo",DE370,1,2,1,75,7/17/2018,"30°35'51.7"" N","99°11'18.2"" E",3420,,,Orobanchaceae,Pedicularis,cranolopha,,,,
"2018 Eaton, McKenzie, Meek, Zuo",DE371,1,1,1,75,7/17/2018,"30°35'51.7"" N","99°11'18.2"" E",3420,,,Orobanchaceae,Pedicularis,rex,,,,
"2018 Eaton, McKenzie, Meek, Zuo",DE372,1,1,1,75,7/17/2018,"30°35'51.7"" N","99°11'18.2"" E",3420,,,Orobanchaceae,Pedicularis,siphonantha,,,,
"2018 Eaton, McKenzie, Meek, Zuo",DE373,1,1,1,75,7/17/2018,"30°35'51.7"" N","99°11'18.2"" E",3420,,,Orobanchaceae,Pedicularis,kansuensis,,Flowers purple.,,
"2018 Eaton, McKenzie, Meek, Zuo",DE374,1,1,0,76,7/18/2018,"30°01'50.7"" N","99°03'00.7"" E",3275,,,Orobanchaceae,Phtheirospermum,tenuisecta,,,,
"2018 Eaton, McKenzie, Meek, Zuo",DE375,1,1,0,76,7/18/2018,"30°01'50.7"" N","99°03'00.7"" E",3275,,,Primulaceae,Androsace,sp.,,Flowers pink.,,
"2018 Eaton, McKenzie, Meek, Zuo",DE376,1,1,1,76,7/18/2018,"30°01'50.7"" N","99°03'00.7"" E",3275,,,Primulaceae,Androsace,sp.,,Flowers purple.,,
"2018 Eaton, McKenzie, Meek, Zuo",DE377,1,1,1,76,7/18/2018,"30°01'50.7"" N","99°03'00.7"" E",3275,,,Orobanchaceae,Pedicularis,dichotoma,,,,
"2018 Eaton, McKenzie, Meek, Zuo",DE378,1,1,1,77,7/18/2018,"30°15'37.1"" N","99°26'36.2"" E",3820,,,Orobanchaceae,Pedicularis,rex,,,,
"2018 Eaton, McKenzie, Meek, Zuo",DE379,1,1,1,77,7/18/2018,"30°15'37.1"" N","99°26'36.2"" E",3820,,,Orobanchaceae,Pedicularis,kansuensis,,Flowers purple.,,
"2018 Eaton, McKenzie, Meek, Zuo",DE380,1,1,0,77,7/18/2018,"30°15'37.1"" N","99°26'36.2"" E",3820,,,Orobanchaceae,Pedicularis,siphonantha,,,,
"2018 Eaton, McKenzie, Meek, Zuo",DE381,1,1,1,77,7/18/2018,"30°15'37.1"" N","99°26'36.2"" E",3820,,,Orobanchaceae,Pedicularis,decora,,,,
"2018 Eaton, McKenzie, Meek, Zuo",DE382,1,1,1,78,7/18/2018,"30°17'14.5"" N","99°29'41.9"" E",4132,,,Orobanchaceae,Pedicularis,siphonantha,,,,
"2018 Eaton, McKenzie, Meek, Zuo",DE383,1,1,1,78,7/18/2018,"30°17'14.5"" N","99°29'41.9"" E",4132,,,Orobanchaceae,Pedicularis,longiflora,,,,
"2018 Eaton, McKenzie, Meek, Zuo",DE384,1,1,1,79,7/18/2018,"30°17'05.6"" N","99°23'57.5"" E",3661,,,Orobanchaceae,Pedicularis,densispica,,,,
"2018 Eaton, McKenzie, Meek, Zuo",DE385,1,1,1,79,7/18/2018,"30°17'05.6"" N","99°23'57.5"" E",3661,,,Orobanchaceae,Pedicularis,cranolopha,,,,
"2018 Eaton, McKenzie, Meek, Zuo",DE386,1,1,1,79,7/18/2018,"30°17'05.6"" N","99°23'57.5"" E",3661,,,Orobanchaceae,Pedicularis,kansuensis,,Flowers purple.,,
"2018 Eaton, McKenzie, Meek, Zuo",DE387,1,1,1,80,7/18/2018,"30°17'49.3"" N","99°40'15.6"" E",4292,,,Orobanchaceae,Pedicularis,cranolopha,,,,
"2018 Eaton, McKenzie, Meek, Zuo",DE388,1,1,1,80,7/18/2018,"30°17'49.3"" N","99°40'15.6"" E",4292,,,Orobanchaceae,Pedicularis,kansuensis,,Flowers purple.,,
"2018 Eaton, McKenzie, Meek, Zuo",DE389,1,1,1,80,7/18/2018,"30°17'49.3"" N","99°40'15.6"" E",4292,,,Orobanchaceae,Pedicularis,anas,,Flowers purple.,,
"2018 Eaton, McKenzie, Meek, Zuo",DE390,1,1,1,80,7/18/2018,"30°17'49.3"" N","99°40'15.6"" E",4292,,,Orobanchaceae,Pedicularis,lachnoglossa,,,,
"2018 Eaton, McKenzie, Meek, Zuo",DE391,1,1,1,80,7/18/2018,"30°17'49.3"" N","99°40'15.6"" E",4292,,,Orobanchaceae,Pedicularis,sphaerantha,,,,
"2018 Eaton, McKenzie, Meek, Zuo",DE392,1,1,1,80,7/18/2018,"30°17'49.3"" N","99°40'15.6"" E",4292,,,Orobanchaceae,Pedicularis,siphonantha,,,,
"2018 Eaton, McKenzie, Meek, Zuo",DE393,1,1,1,80,7/18/2018,"30°17'49.3"" N","99°40'15.6"" E",4292,,,Orobanchaceae,Pedicularis,rhinanthoides,,,,
"2018 Eaton, McKenzie, Meek, Zuo",DE394,1,1,1,80,7/18/2018,"30°17'49.3"" N","99°40'15.6"" E",4292,,,Orobanchaceae,Pedicularis,latituba,,,,
"2018 Eaton, McKenzie, Meek, Zuo",DE395,1,1,1,80,7/18/2018,"30°17'49.3"" N","99°40'15.6"" E",4292,,,Orobanchaceae,Pedicularis,longiflora var. tubiformes,,,,
"2018 Eaton, McKenzie, Meek, Zuo",DE396,1,1,1,80,7/18/2018,"30°17'49.3"" N","99°40'15.6"" E",4292,,,Orobanchaceae,Pedicularis,integrifolia,,,,
"2018 Eaton, McKenzie, Meek, Zuo",DE397,1,1,1,81,7/19/2018,"30°13'38.2"" N","100°14'51.7"" E",4210,,,Orobanchaceae,Pedicularis,ingens,,,,
"2018 Eaton, McKenzie, Meek, Zuo",DE398,1,1,1,81,7/19/2018,"30°13'38.2"" N","100°14'51.7"" E",4210,,,Orobanchaceae,Pedicularis,rhodotricha,,,,
"2018 Eaton, McKenzie, Meek, Zuo",DE399,1,1,1,81,7/19/2018,"30°13'38.2"" N","100°14'51.7"" E",4210,,,Orobanchaceae,Pedicularis,lophotricha,,,,
"2018 Eaton, McKenzie, Meek, Zuo",DE400,1,1,1,81,7/19/2018,"30°13'38.2"" N","100°14'51.7"" E",4210,,,Orobanchaceae,Pedicularis,siphonantha,,,,
"2018 Eaton, McKenzie, Meek, Zuo",DE401,1,1,1,81,7/19/2018,"30°13'38.2"" N","100°14'51.7"" E",4210,,,Orobanchaceae,Pedicularis,cranolopha,,,,
"2018 Eaton, McKenzie, Meek, Zuo",DE402,1,1,1,81,7/19/2018,"30°13'38.2"" N","100°14'51.7"" E",4210,,,Orobanchaceae,Pedicularis,longiflora,,,,
"2018 Eaton, McKenzie, Meek, Zuo",DE403,1,1,1,81,7/19/2018,"30°13'38.2"" N","100°14'51.7"" E",4210,,,Orobanchaceae,Pedicularis,cephalantha,,,,
"2018 Eaton, McKenzie, Meek, Zuo",DE404,1,1,1,81,7/19/2018,"30°13'38.2"" N","100°14'51.7"" E",4210,,,Orobanchaceae,Pedicularis,kansuensis,,Flowers purple.,,
"2018 Eaton, McKenzie, Meek, Zuo",DE405,1,1,1,81,7/19/2018,"30°13'38.2"" N","100°14'51.7"" E",4210,,,Orobanchaceae,Pedicularis,rhinanthoides,,,,
"2018 Eaton, McKenzie, Meek, Zuo",DE476,1,1,1,82,7/19/2018,"30°13'23.7"" N","100°15'51.4"" E",4350,,,Orobanchaceae,Pedicularis,siphonantha subsp. delayvii,,,,
"2018 Eaton, McKenzie, Meek, Zuo",DE406,1,1,1,82,7/19/2018,"30°13'23.7"" N","100°15'51.4"" E",4350,,,Orobanchaceae,Pedicularis,latituba,,,,
"2018 Eaton, McKenzie, Meek, Zuo",DE407,1,1,1,82,7/19/2018,"30°13'23.7"" N","100°15'51.4"" E",4350,,,Orobanchaceae,Pedicularis,przewalskii,,,,
"2018 Eaton, McKenzie, Meek, Zuo",DE408,1,1,1,82,7/19/2018,"30°13'23.7"" N","100°15'51.4"" E",4350,,,Orobanchaceae,Pedicularis,rhychodonta,,,,
"2018 Eaton, McKenzie, Meek, Zuo",DE409,1,1,1,82,7/19/2018,"30°13'23.7"" N","100°15'51.4"" E",4350,,,Orobanchaceae,Pedicularis,anas,,,,
"2018 Eaton, McKenzie, Meek, Zuo",DE410,1,1,1,82,7/19/2018,"30°13'23.7"" N","100°15'51.4"" E",4350,,,Orobanchaceae,Pedicularis,integrifolia,,,,
"2018 Eaton, McKenzie, Meek, Zuo",DE411,1,1,1,83,7/19/2018,"29°49'15.0"" N","100°20'45.2"" E",3882,,,Orobanchaceae,Pedicularis,siphonantha,,,,
"2018 Eaton, McKenzie, Meek, Zuo",DE412,1,1,1,83,7/19/2018,"29°49'15.0"" N","100°20'45.2"" E",3882,,,Orobanchaceae,Pedicularis,densispica,,,,
"2018 Eaton, McKenzie, Meek, Zuo",DE413,1,1,1,83,7/19/2018,"29°49'15.0"" N","100°20'45.2"" E",3882,,,Orobanchaceae,Pedicularis,cyathophylla,,,,
"2018 Eaton, McKenzie, Meek, Zuo",DE414,1,1,1,83,7/19/2018,"29°49'15.0"" N","100°20'45.2"" E",3882,,,Orobanchaceae,Pedicularis,cranolopha,,,,
"2018 Eaton, McKenzie, Meek, Zuo",DE415,1,1,1,83,7/19/2018,"29°49'15.0"" N","100°20'45.2"" E",3882,,,Orobanchaceae,Pedicularis,lachnoglossa,,,,
"2018 Eaton, McKenzie, Meek, Zuo",DE416,1,1,1,83,7/19/2018,"29°49'15.0"" N","100°20'45.2"" E",3882,,,Orobanchaceae,Pedicularis,integrifolia,,,,
"2018 Eaton, McKenzie, Meek, Zuo",DE417,1,1,0,83,7/19/2018,"29°49'15.0"" N","100°20'45.2"" E",3882,,,Orobanchaceae,Pedicularis,kansuensis,,Flowers purple.,,
"2018 Eaton, McKenzie, Meek, Zuo",DE418,1,1,1,83,7/19/2018,"29°49'15.0"" N","100°20'45.2"" E",3882,,,Orobanchaceae,Phtheirospermum,tenuisecta,,,,
"2018 Eaton, McKenzie, Meek, Zuo",DE419,1,1,1,84,7/19/2018,"29°08'30.5"" N","100°09'23.8"" E",3877,,,Orobanchaceae,Pedicularis,lachnoglossa,,,,
"2018 Eaton, McKenzie, Meek, Zuo",DE420,1,1,1,84,7/19/2018,"29°08'30.5"" N","100°09'23.8"" E",3877,,,Orobanchaceae,Pedicularis,kansuensis,,Flowers purple.,,
"2018 Eaton, McKenzie, Meek, Zuo",DE421,1,1,1,84,7/19/2018,"29°08'30.5"" N","100°09'23.8"" E",3877,,,Orobanchaceae,Pedicularis,cyathophylla,,,,
"2018 Eaton, McKenzie, Meek, Zuo",DE422,1,4,1,84,7/19/2018,"29°08'30.5"" N","100°09'23.8"" E",3877,,,Orobanchaceae,Pedicularis,integrifolia,,,,
"2018 Eaton, McKenzie, Meek, Zuo",DE423,1,1,1,84,7/19/2018,"29°08'30.5"" N","100°09'23.8"" E",3877,,,Orobanchaceae,Pedicularis,siphonantha,,,,
"2018 Eaton, McKenzie, Meek, Zuo",DE424,1,1,1,84,7/19/2018,"29°08'30.5"" N","100°09'23.8"" E",3877,,,Orobanchaceae,Pedicularis,longiflora,,,,
"2018 Eaton, McKenzie, Meek, Zuo",DE425,1,1,1,84,7/19/2018,"29°08'30.5"" N","100°09'23.8"" E",3877,,,Orobanchaceae,Pedicularis,rhinanthoides,,,,
"2018 Eaton, McKenzie, Meek, Zuo",DE426,1,1,1,84,7/19/2018,"29°08'30.5"" N","100°09'23.8"" E",3877,,,Orobanchaceae,Pedicularis,densispica,,,,
"2018 Eaton, McKenzie, Meek, Zuo",DE427,1,1,0,85,7/20/2018,"28°36'1"" N","100°17'12"" E",3300,,,Droseraceae,Drosera,peltata,,,,
"2018 Eaton, McKenzie, Meek, Zuo",DE428,1,1,1,85,7/20/2018,"28°36'1"" N","100°17'12"" E",3300,,,Orobanchaceae,Pedicularis,thamnophila,,,,
"2018 Eaton, McKenzie, Meek, Zuo",DE429,1,1,1,85,7/20/2018,"28°36'1"" N","100°17'12"" E",3300,,,Orobanchaceae,Pedicularis,pseudomelampyriflora,,,,
"2018 Eaton, McKenzie, Meek, Zuo",DE430,1,2,1,86,7/20/2018,"28°44'47"" N","100°16'9"" E",?,,,Orobanchaceae,Pedicularis,axillaris,,,,
"2018 Eaton, McKenzie, Meek, Zuo",DE431,1,1,1,86,7/20/2018,"28°44'47"" N","100°16'9"" E",?,,,Orobanchaceae,Pedicularis,confertiflora subsp. confertiflora,,,,
"2018 Eaton, McKenzie, Meek, Zuo",DE432,1,1,1,86,7/20/2018,"28°44'47"" N","100°16'9"" E",?,,,Orobanchaceae,Pedicularis,siphonantha,,,,
"2018 Eaton, McKenzie, Meek, Zuo",DE433,1,1,1,86,7/20/2018,"28°44'47"" N","100°16'9"" E",?,,,Orobanchaceae,Pedicularis,integrifolia,,,,
"2018 Eaton, McKenzie, Meek, Zuo",DE434,1,1,1,86,7/20/2018,"28°44'47"" N","100°16'9"" E",?,,,Orobanchaceae,Pedicularis,rhinanthoides,,,,
"2018 Eaton, McKenzie, Meek, Zuo",DE435,1,1,1,86,7/20/2018,"28°44'47"" N","100°16'9"" E",?,,,Orobanchaceae,Pedicularis,densispica,,,,
"2018 Eaton, McKenzie, Meek, Zuo",DE436,1,1,1,86,7/20/2018,"28°44'47"" N","100°16'9"" E",?,,,Orobanchaceae,Pedicularis,longiflora,,,,
"2018 Eaton, McKenzie, Meek, Zuo",DE437,1,1,1,86,7/20/2018,"28°44'47"" N","100°16'9"" E",?,,,Orobanchaceae,Pedicularis,lachnoglossa,,,,
"2018 Eaton, McKenzie, Meek, Zuo",DE438,1,1,1,86,7/20/2018,"28°44'47"" N","100°16'9"" E",?,,,Orobanchaceae,Pedicularis,kansuensis,,Flowers purple.,,
"2018 Eaton, McKenzie, Meek, Zuo",DE439,1,1,0,87,7/20/2018,"29°06'44"" N","100°01'58"" E",?,,,Orobanchaceae,Pedicularis,rhodotricha,,,,
"2018 Eaton, McKenzie, Meek, Zuo",DE440,1,1,1,87,7/20/2018,"29°06'44"" N","100°01'58"" E",?,,,Orobanchaceae,Pedicularis,rhychodonta,,,,
"2018 Eaton, McKenzie, Meek, Zuo",DE441,1,1,0,88,7/20/2018,"29°07'21.3"" N","99°59'51.0"" E",3950,,,Orobanchaceae,Pedicularis,rupicola,,,,
"2018 Eaton, McKenzie, Meek, Zuo",DE442,1,1,1,89,7/20/2018,"29°08'33.4"" N","99°55'47.3"" E",3509,,,Orobanchaceae,Pedicularis,densispica,,,,
"2018 Eaton, McKenzie, Meek, Zuo",DE443,1,1,0,89,7/20/2018,"29°08'33.4"" N","99°55'47.3"" E",3509,,,Orobanchaceae,Pedicularis,lachnoglossa,,,,
"2018 Eaton, McKenzie, Meek, Zuo",DE444,1,1,1,90,7/20/2018,"29°05'4.5"" N","99°53'49.0"" E",2967,,,Orobanchaceae,Pedicularis,pseudomelampyriflora,,,,
"2018 Eaton, McKenzie, Meek, Zuo",DE445,1,2,1,90,7/20/2018,"29°05'4.5"" N","99°53'49.0"" E",2967,,,Orobanchaceae,Phtheirospermum,tenuisecta,,,,
"2018 Eaton, McKenzie, Meek, Zuo",DE446,1,1,1,91,7/21/2018,"28°58'26.9"" N","99°45'29.1"" E",3558,,,Orobanchaceae,Pedicularis,thamnophila,,,,
"2018 Eaton, McKenzie, Meek, Zuo",DE447,1,2,1,92,7/21/2018,"28°57'20.0"" N","99°45'11.9"" E",3960,,,Orobanchaceae,Pedicularis,ingens,,,,
"2018 Eaton, McKenzie, Meek, Zuo",DE448,1,1,1,92,7/21/2018,"28°57'20.0"" N","99°45'11.9"" E",3960,,,Orobanchaceae,Pedicularis,kansuensis,,Flowers dark purple.,,
"2018 Eaton, McKenzie, Meek, Zuo",DE449,1,2,1,92,7/21/2018,"28°57'20.0"" N","99°45'11.9"" E",3960,,,Orobanchaceae,Pedicularis,cyathophylla,,,,
"2018 Eaton, McKenzie, Meek, Zuo",DE450,1,1,1,93,7/21/2018,"28°59'46.5"" N","99°44'41.7"" E",4154,,,Orobanchaceae,Pedicularis,cranolopha,,,,
"2018 Eaton, McKenzie, Meek, Zuo",DE451,1,1,1,93,7/21/2018,"28°59'46.5"" N","99°44'41.7"" E",4154,,,Orobanchaceae,Pedicularis,siphonantha,,,,
"2018 Eaton, McKenzie, Meek, Zuo",DE452,1,1,1,93,7/21/2018,"28°59'46.5"" N","99°44'41.7"" E",4154,,,Orobanchaceae,Pedicularis,rhodotricha,,,,
"2018 Eaton, McKenzie, Meek, Zuo",DE453,1,1,1,93,7/21/2018,"28°59'46.5"" N","99°44'41.7"" E",4154,,,Orobanchaceae,Pedicularis,brachycrania,,,,
"2018 Eaton, McKenzie, Meek, Zuo",DE454,1,1,1,94,7/21/2018,"29°02'28.9"" N","99°42'16.4"" E",3700,,,Orobanchaceae,Pedicularis,axillaris,,,,
"2018 Eaton, McKenzie, Meek, Zuo",DE455,1,1,1,94,7/21/2018,"29°02'28.9"" N","99°42'16.4"" E",3700,,,Orobanchaceae,Pedicularis,thamnophila,,,,
"2018 Eaton, McKenzie, Meek, Zuo",DE456,1,1,1,95,7/21/2018,"29°04'25.8"" N","99°40'34.7"" E",3427,,,Orobanchaceae,Pedicularis,cranolopha,,,,
"2018 Eaton, McKenzie, Meek, Zuo",DE457,1,1,1,95,7/21/2018,"29°04'25.8"" N","99°40'34.7"" E",3427,,,Orobanchaceae,Pedicularis,axillaris,,,,
"2018 Eaton, McKenzie, Meek, Zuo",DE458,1,1,1,95,7/21/2018,"29°04'25.8"" N","99°40'34.7"" E",3427,,,Orobanchaceae,Pedicularis,densispica,,,,
"2018 Eaton, McKenzie, Meek, Zuo",DE459,1,1,1,95,7/21/2018,"29°04'25.8"" N","99°40'34.7"" E",3427,,,Orobanchaceae,Pedicularis,rex,,,,
"2018 Eaton, McKenzie, Meek, Zuo",DE460,1,1,1,95,7/21/2018,"29°04'25.8"" N","99°40'34.7"" E",3427,,,Orobanchaceae,Phtheirospermum,tenuisecta,,,,
"2018 Eaton, McKenzie, Meek, Zuo",DE461,1,1,1,96,7/22/2018,"27°48'27.5"" N","99°45'46.7"" E",3369,,,Orobanchaceae,Pedicularis,dichotoma,,,,
"2018 Eaton, McKenzie, Meek, Zuo",DE462,1,1,1,96,7/22/2018,"27°48'27.5"" N","99°45'46.7"" E",3369,,,Droseraceae,Drosera,sp.,,,,
"2018 Eaton, McKenzie, Meek, Zuo",DE463,1,1,1,96,7/22/2018,"27°48'27.5"" N","99°45'46.7"" E",3369,,,Orobanchaceae,Pedicularis,integrifolia,,,,
"2018 Eaton, McKenzie, Meek, Zuo",DE464,1,1,1,96,7/22/2018,"27°48'27.5"" N","99°45'46.7"" E",3369,,,Orobanchaceae,Pedicularis,longiflora,,,,
"2018 Eaton, McKenzie, Meek, Zuo",DE465,1,1,1,96,7/22/2018,"27°48'27.5"" N","99°45'46.7"" E",3369,,,Orobanchaceae,Pedicularis,rhinanthoides,,,,
"2018 Eaton, McKenzie, Meek, Zuo",DE466,1,1,1,96,7/22/2018,"27°48'27.5"" N","99°45'46.7"" E",3369,,,Orobanchaceae,Pedicularis,densispica,,,,
"2018 Eaton, McKenzie, Meek, Zuo",DE467,1,1,1,96,7/22/2018,"27°48'27.5"" N","99°45'46.7"" E",3369,,,Orobanchaceae,Pedicularis,decora,,,,
"2018 Eaton, McKenzie, Meek, Zuo",DE468,1,1,1,96,7/22/2018,"27°48'27.5"" N","99°45'46.7"" E",3369,,,Orobanchaceae,Pedicularis,rex,,,,
"2018 Eaton, McKenzie, Meek, Zuo",DE469,1,1,1,96,7/22/2018,"27°48'27.5"" N","99°45'46.7"" E",3369,,,Orobanchaceae,Pedicularis,siphonantha,,,,
"2018 Eaton, McKenzie, Meek, Zuo",DE470,1,1,1,96,7/22/2018,"27°48'27.5"" N","99°45'46.7"" E",3369,,,Orobanchaceae,Pedicularis,oxycarpa,,,,
"2018 Eaton, McKenzie, Meek, Zuo",DE471,1,1,0,97,7/22/2018,"27°48'42.5"" N","99°45'58.8"" E",3400,,,Orobanchaceae,Pedicularis,rex,,,,
"2018 Eaton, McKenzie, Meek, Zuo",DE472,1,1,0,97,7/22/2018,"27°48'42.5"" N","99°45'58.8"" E",3400,,,Orobanchaceae,Pedicularis,densispica,,,,
"2018 Eaton, McKenzie, Meek, Zuo",DE473,1,0,0,97,7/22/2018,"27°48'42.5"" N","99°45'58.8"" E",3400,,,Orobanchaceae,Pedicularis,integrifolia,,,,
"2018 Eaton, McKenzie, Meek, Zuo",DE474,1,1,1,97,7/22/2018,"27°48'42.5"" N","99°45'58.8"" E",3400,,,Orobanchaceae,Pedicularis,confertiflora,,,,
"2018 Eaton, McKenzie, Meek, Zuo",DE475,1,1,1,97,7/22/2018,"27°48'42.5"" N","99°45'58.8"" E",3400,,,Orobanchaceae,Pedicularis,tricolor,,,,